train_L,train_nll,train_kld,train_mmd,train_pheno,train_precision,train_recall,train_f1,valid_L,valid_nll,valid_kld,valid_mmd,valid_pheno,valid_precision,valid_recall,valid_f1
4.306940391659737,2.649158999323845,2.028983384370804,0.01992405205965042,1.4384503439068794,0.9245742092457421,0.062061081169361425,0.11631466176920724,5.07220458984375,3.0405333042144775,0.23676524311304092,0.056136906147003174,1.468496024608612,1.0,0.06220095693779904,0.11711711711711711
3.706965297460556,2.2105847746133804,2.4114944338798523,0.010767802596092224,1.3646952137351036,0.948905109489051,0.06379324445898421,0.11954939075791249,4.306663990020752,2.340238928794861,0.23903416842222214,0.04924827814102173,1.4720443487167358,1.0,0.06220095693779904,0.11711711711711711
3.4878625124692917,2.0677359998226166,2.612056776881218,0.008312441408634186,1.310964658856392,0.9549878345498783,0.06475829071110378,0.12129171817058097,3.9369033575057983,2.126999855041504,0.33049343526363373,0.04365605115890503,1.3704745769500732,1.0,0.06220095693779904,0.11711711711711711
3.308650240302086,1.9285631254315376,2.681116759777069,0.008150406181812286,1.2718534097075462,0.948905109489051,0.06485947114585065,0.12141967621419678,3.5309901237487793,1.9976299405097961,0.7465090751647949,0.03155696392059326,1.210641086101532,1.0,0.06220095693779904,0.11711711711711711
3.129385933279991,1.7821059226989746,2.766297936439514,0.008276581764221191,1.236933946609497,0.9245742092457421,0.06367825722664433,0.11915027043975857,3.0708154439926147,1.8388803601264954,1.82496178150177,0.012792527675628662,1.0858880877494812,1.0,0.06220095693779904,0.11711711711711711
2.99568273127079,1.6746848747134209,2.7799611538648605,0.008076950907707214,1.2125095278024673,0.9452554744525548,0.06539303147618246,0.122323677581864,2.8625943660736084,1.7080801725387573,2.528535008430481,0.008516371250152588,1.0441502332687378,1.0,0.06245710363761153,0.11757105943152454
2.905126839876175,1.6101897433400154,2.7972953021526337,0.007535338401794434,1.1916861534118652,0.9452554744525548,0.06654676258992806,0.1243398943831013,2.7408947944641113,1.6167491674423218,2.9704121351242065,0.007728934288024902,1.017229437828064,1.0,0.062414266117969824,0.11749515816655907
2.8246674984693527,1.564876176416874,2.8056110590696335,0.007170543074607849,1.160101518034935,0.9330900243309003,0.06628640566934578,0.12377955297345276,2.6666473150253296,1.568139135837555,2.8545846939086914,0.007423877716064453,0.995797723531723,1.0,0.06284530386740332,0.11825860948667968
2.7860773503780365,1.5383076444268227,2.838333874940872,0.007050909101963043,1.1489477455615997,0.9343065693430657,0.06686400835800105,0.12479688007799805,2.6089152097702026,1.535625398159027,2.8403773307800293,0.007093846797943115,0.9740185737609863,1.0,0.06354748603351955,0.11950098489822719
2.7242777347564697,1.5081247314810753,2.8327926844358444,0.006828024983406067,1.1196131333708763,0.9233576642335767,0.06775575790037493,0.12624750499001997,2.5623754262924194,1.5071020722389221,2.741824984550476,0.006631612777709961,0.9616052210330963,1.0,0.06390449438202248,0.12013201320132015
2.6947723627090454,1.4867162182927132,2.8786930590867996,0.007035441696643829,1.1089851036667824,0.9209245742092458,0.06808166201996582,0.12679005108449878,2.5125101804733276,1.4801006317138672,2.81860089302063,0.006763815879821777,0.9366529285907745,1.0,0.0660377358490566,0.1238938053097345
2.658609062433243,1.4715232625603676,2.89360810816288,0.006827071309089661,1.0899472832679749,0.9282238442822385,0.07009002388388756,0.13033823026990093,2.4863137006759644,1.469033122062683,3.018914580345154,0.006382346153259277,0.9233317673206329,1.0,0.06715867158671587,0.12586445366528357
2.6137517243623734,1.449137657880783,2.938854545354843,0.00634302943944931,1.0718586891889572,0.9197080291970803,0.07058823529411765,0.13111342351716962,2.4549953937530518,1.4505978226661682,2.777282238006592,0.006808280944824219,0.9086101055145264,1.0,0.06801195814648729,0.1273617914625612
2.5887715071439743,1.4337220191955566,2.914590746164322,0.007035411894321442,1.055619791150093,0.9184914841849149,0.07142857142857142,0.1325491573033708,2.4156306982040405,1.4277820587158203,2.9411709308624268,0.006926536560058594,0.8892408013343811,1.0,0.07037896365042537,0.1315028901734104
2.5572385489940643,1.4224241897463799,2.9487311840057373,0.006291411817073822,1.0424758717417717,0.9184914841849149,0.07370167903162828,0.13645400325320806,2.393125534057617,1.417690634727478,3.0397249460220337,0.007010698318481445,0.8750007152557373,1.0,0.07262569832402235,0.13541666666666669
2.5151585787534714,1.4055021926760674,2.963917464017868,0.0059124380350112915,1.0209519416093826,0.9221411192214112,0.07555821371610845,0.13967201031877646,2.352603316307068,1.4028046131134033,2.9529720544815063,0.005875110626220703,0.8615767061710358,1.0,0.07647058823529412,0.14207650273224046
2.4820683747529984,1.3932339325547218,2.946188598871231,0.005671925842761993,1.0027100145816803,0.9014598540145985,0.07555827470174366,0.13942986169912502,2.324162244796753,1.3878323435783386,2.9937734603881836,0.00622868537902832,0.8441676497459412,1.0,0.08198198198198198,0.15154038301415484
2.4508711248636246,1.3844745382666588,3.0060857087373734,0.005554571747779846,0.9808455631136894,0.9075425790754258,0.08005150767249705,0.1471255300266246,2.283063292503357,1.3762815594673157,3.1221351623535156,0.005506992340087891,0.8205455839633942,1.0,0.09381443298969072,0.1715362865221489
2.4299203902482986,1.3784821406006813,3.0515456050634384,0.0053945258259773254,0.9670314602553844,0.9002433090024331,0.0814081408140814,0.14931396287328488,2.270328640937805,1.3706849813461304,3.111194610595703,0.00574040412902832,0.8111851215362549,1.0,0.09869848156182212,0.17966436327739388
2.3888943940401077,1.3589147552847862,3.0390945971012115,0.005173496901988983,0.9479054436087608,0.9124087591240876,0.0860091743119266,0.15719974848040244,2.2343366146087646,1.3559647798538208,3.0962265729904175,0.004841029644012451,0.7990476489067078,1.0,0.10077519379844961,0.18309859154929578
2.37776455283165,1.3533754274249077,3.0462984144687653,0.005236290395259857,0.9416155777871609,0.902676399026764,0.08693614528412419,0.15859784118841508,2.2107845544815063,1.34780353307724,3.000001072883606,0.0053092241287231445,0.7799418568611145,1.0,0.10630841121495327,0.1921858500527983
2.3552667051553726,1.346021518111229,3.0618487000465393,0.005231767892837524,0.926361333578825,0.8953771289537713,0.08937462052216151,0.16252622281108536,2.192442774772644,1.3454517722129822,3.073508620262146,0.00529247522354126,0.7633841037750244,1.0,0.11389236545682102,0.2044943820224719
2.3281920105218887,1.3382439613342285,3.076989620923996,0.005263015627861023,0.9066006205976009,0.8953771289537713,0.09307030854830552,0.1686139747995418,2.1602423191070557,1.3285852670669556,3.267997145652771,0.005067169666290283,0.7483561038970947,1.0,0.11460957178841309,0.2056497175141243
2.2991048395633698,1.3285589590668678,3.062972277402878,0.004945516586303711,0.8905104361474514,0.9136253041362531,0.09882879326227136,0.17836361477259233,2.1370062828063965,1.320671021938324,3.3646987676620483,0.005682587623596191,0.7259191870689392,1.0,0.12551724137931033,0.22303921568627447
2.2743818312883377,1.3166428282856941,3.121900573372841,0.004875533282756805,0.877813421189785,0.8832116788321168,0.1010016694490818,0.18127340823970037,2.1198058128356934,1.3219264149665833,3.2203385829925537,0.004506170749664307,0.7206594049930573,1.0,0.12871287128712872,0.22807017543859648
2.2488207519054413,1.3081232383847237,3.081135004758835,0.004883073270320892,0.8611042760312557,0.8759124087591241,0.1037463976945245,0.18551919608348363,2.1000189781188965,1.308902382850647,3.2530895471572876,0.005668997764587402,0.7019524276256561,1.0,0.14330708661417324,0.2506887052341598
2.2257015109062195,1.301093801856041,3.144417017698288,0.004572749137878418,0.8474817797541618,0.8746958637469586,0.10747384155455904,0.19142705005324812,2.086402416229248,1.303053379058838,3.118950128555298,0.005556583404541016,0.6966493129730225,0.989010989010989,0.14018691588785046,0.24556616643929058
2.204848900437355,1.295322246849537,3.1149324029684067,0.004498958587646484,0.8334327302873135,0.8613138686131386,0.11002331002331002,0.19512195121951217,2.0519269704818726,1.2936050295829773,3.190235137939453,0.004461526870727539,0.68184894323349,1.0,0.159369527145359,0.27492447129909364
2.190878987312317,1.2944509759545326,3.1180630028247833,0.004500895738601685,0.8202834352850914,0.8771289537712895,0.11798396334478808,0.2079907687869609,2.0480635166168213,1.3020614385604858,3.239779472351074,0.004988670349121094,0.6637674868106842,1.0,0.17073170731707318,0.2916666666666667
2.1630879938602448,1.2786651700735092,3.14113187789917,0.004214026033878326,0.8109134063124657,0.8540145985401459,0.11979522184300341,0.21011673151750973,2.01398766040802,1.277921974658966,3.2673152685165405,0.0048329830169677734,0.6551109850406647,1.0,0.18958333333333333,0.3187390542907181
2.135745406150818,1.2709198966622353,3.11432246863842,0.004425667226314545,0.7894698679447174,0.8442822384428224,0.12766740250183958,0.22179610099073183,1.9918560981750488,1.2727916240692139,3.102430582046509,0.004543423652648926,0.642651379108429,1.0,0.22580645161290322,0.3684210526315789
2.1276503652334213,1.26039919257164,3.1260251700878143,0.005203671753406525,0.7840062566101551,0.8491484184914841,0.1317229665974712,0.22806730926319227,1.9690139293670654,1.264621615409851,3.3185930252075195,0.004796385765075684,0.6232905685901642,1.0,0.27002967359050445,0.42523364485981313
2.1199529618024826,1.2705164477229118,3.125789538025856,0.005037672817707062,0.7678522802889347,0.8418491484184915,0.13754720731464917,0.23645993507602936,1.9762210845947266,1.264687955379486,3.043675422668457,0.006018936634063721,0.6209672093391418,1.0,0.30952380952380953,0.4727272727272727
2.087556019425392,1.2573519945144653,3.1101559847593307,0.004512898623943329,0.7540186122059822,0.8357664233576643,0.14387434554973821,0.24548865463641234,1.9465755224227905,1.2633856534957886,3.0679545402526855,0.0045354366302490234,0.6072013080120087,1.0,0.3939393939393939,0.5652173913043478
2.0673228949308395,1.2479727417230606,3.148405969142914,0.004271663725376129,0.745192214846611,0.8175182481751825,0.14501510574018128,0.2463343108504399,1.928458333015442,1.2567774057388306,3.062227725982666,0.004569411277770996,0.5954102575778961,1.0,0.4272300469483568,0.5986842105263158
2.0488537549972534,1.248267151415348,3.153625100851059,0.004164509475231171,0.7274468801915646,0.8065693430656934,0.15269461077844312,0.2567776917118513,1.9038716554641724,1.2456111907958984,3.1257081031799316,0.004414379596710205,0.5829036831855774,1.0,0.5055555555555555,0.6715867158671587
2.0391177982091904,1.2385728284716606,3.1690571308135986,0.004516720771789551,0.7237323671579361,0.816301703163017,0.16326034063260342,0.27210056772100566,1.8982053995132446,1.2524535059928894,3.165444016456604,0.0037865638732910156,0.576269656419754,1.0,0.5229885057471264,0.6867924528301886
2.0150193125009537,1.228477343916893,3.188609793782234,0.004175804555416107,0.7129395939409733,0.8065693430656934,0.16683442375440363,0.2764804003336113,1.8827406167984009,1.2416753768920898,3.194387435913086,0.0042340755462646484,0.5668230354785919,0.989010989010989,0.5882352941176471,0.7377049180327868
2.0010031908750534,1.223928578197956,3.1774535924196243,0.004359334707260132,0.7017503641545773,0.7907542579075426,0.17273452032952433,0.2835332606324973,1.868005394935608,1.2371426820755005,3.1634440422058105,0.0043138861656188965,0.5561325252056122,0.9560439560439561,0.6850393700787402,0.798165137614679
1.9786702618002892,1.2181773260235786,3.198207125067711,0.004022955894470215,0.6883215196430683,0.8236009732360098,0.19097320169252469,0.3100526677352874,1.8402416706085205,1.2242129445075989,3.239091396331787,0.004010975360870361,0.5435681939125061,0.978021978021978,0.7295081967213115,0.835680751173709
1.9696298986673355,1.2142754942178726,3.165067210793495,0.004133328795433044,0.6824117861688137,0.7871046228710462,0.1890154834940111,0.30482921083627795,1.840375006198883,1.2294346690177917,3.143515944480896,0.004385888576507568,0.5356901586055756,0.9560439560439561,0.7909090909090909,0.8656716417910447
1.952819675207138,1.2083005160093307,3.1879086792469025,0.0038885921239852905,0.6737930476665497,0.767639902676399,0.19302539002753136,0.3084820337325837,1.8169134259223938,1.216450035572052,3.21123731136322,0.004272878170013428,0.5256649255752563,0.978021978021978,0.8018018018018018,0.8811881188118812
1.927493616938591,1.1984459683299065,3.197997748851776,0.003856964409351349,0.6585366018116474,0.7737226277372263,0.20927936821322804,0.32944832944832947,1.7994478344917297,1.2140953540802002,3.1035104990005493,0.003369450569152832,0.5206566154956818,0.967032967032967,0.8301886792452831,0.8934010152284264
1.9247953221201897,1.1952170059084892,3.205138862133026,0.004276849329471588,0.654801182448864,0.7664233576642335,0.21007002334111372,0.32975660821774405,1.7912768125534058,1.207704782485962,3.1975526809692383,0.0037078261375427246,0.5145552754402161,0.9230769230769231,0.8316831683168316,0.8749999999999999
1.9054017886519432,1.1906187161803246,3.1935422122478485,0.003989078104496002,0.6429967656731606,0.7761557177615572,0.22425307557117752,0.34796836651213525,1.7841932773590088,1.2040708661079407,3.091018557548523,0.004269123077392578,0.506563663482666,0.989010989010989,0.75,0.8530805687203792
1.8970014452934265,1.1884457468986511,3.188788205385208,0.004070058465003967,0.6360079348087311,0.7700729927007299,0.2295973884657236,0.3537300922045264,1.77651447057724,1.208864986896515,3.233472466468811,0.004109978675842285,0.49425607919692993,0.9120879120879121,0.8829787234042553,0.8972972972972972
1.8823595941066742,1.1863065734505653,3.219385027885437,0.0038708001375198364,0.6251898631453514,0.7287104622871047,0.23545597484276728,0.3559120617944147,1.7579783201217651,1.198412299156189,3.337432026863098,0.004544734954833984,0.4807898551225662,0.8901098901098901,0.9204545454545454,0.9050279329608938
1.8642337024211884,1.17832001298666,3.2255025655031204,0.003641754388809204,0.6172775328159332,0.7579075425790754,0.2496993987975952,0.3756406391317456,1.7468844652175903,1.196010410785675,3.1229422092437744,0.00425487756729126,0.477138414978981,0.9010989010989011,0.8723404255319149,0.8864864864864866
1.8574999943375587,1.1765181049704552,3.2120193541049957,0.0038993656635284424,0.6099070273339748,0.7725060827250608,0.2670311185870479,0.396875,1.7496898174285889,1.1933579444885254,2.980658769607544,0.004850924015045166,0.4780644625425339,0.9340659340659341,0.85,0.8900523560209425
1.8437799662351608,1.1727272644639015,3.221749320626259,0.00359334796667099,0.6029376611113548,0.7493917274939172,0.26666666666666666,0.3933588761174968,1.7323353290557861,1.1967197060585022,3.206752300262451,0.0036402344703674316,0.4671821892261505,0.8571428571428571,0.9285714285714286,0.8914285714285715
1.8327992483973503,1.1654006391763687,3.203465312719345,0.004000306129455566,0.5954008996486664,0.7846715328467153,0.2830188679245283,0.4159948403740729,1.7131455540657043,1.1807880997657776,3.251688599586487,0.004300475120544434,0.4568788707256317,0.8681318681318682,0.9294117647058824,0.8977272727272727
1.8144293501973152,1.1572273597121239,3.2256608605384827,0.003578200936317444,0.5891991704702377,0.7469586374695864,0.28894117647058826,0.41669494401085855,1.703914761543274,1.1802650690078735,3.2074406147003174,0.004167437553405762,0.44994254410266876,0.8901098901098901,0.9310344827586207,0.9101123595505618
1.7986211627721786,1.1543667018413544,3.2307228595018387,0.00353926420211792,0.5765899680554867,0.7433090024330901,0.3050424363454818,0.43256637168141593,1.6900393962860107,1.1737258434295654,3.08747661113739,0.00398021936416626,0.44567643105983734,0.9010989010989011,0.9010989010989011,0.9010989010989011
1.79116590321064,1.14901602268219,3.210913196206093,0.0039021149277687073,0.5710585936903954,0.7116788321167883,0.30310880829015546,0.4251453488372093,1.6791781783103943,1.1713083982467651,3.2171401977539062,0.0038132667541503906,0.43760383129119873,0.8241758241758241,0.9493670886075949,0.8823529411764706
1.780676044523716,1.14523383975029,3.2082833349704742,0.0034938305616378784,0.568456020206213,0.7725060827250608,0.33722782793414763,0.4695009242144178,1.6736509799957275,1.170602023601532,3.147316813468933,0.00398784875869751,0.43173716962337494,0.8681318681318682,0.9404761904761905,0.9028571428571429
1.7691682651638985,1.1457843706011772,3.243720144033432,0.003386683762073517,0.5571137368679047,0.767639902676399,0.34823399558498896,0.4791192103264996,1.6660266518592834,1.1710912585258484,3.120647668838501,0.0035489797592163086,0.42827461659908295,0.8681318681318682,0.9294117647058824,0.8977272727272727
1.7608777433633804,1.1405411511659622,3.2043803334236145,0.00349590927362442,0.5533686652779579,0.7445255474452555,0.34615384615384615,0.4725868725868726,1.64691960811615,1.1580239534378052,3.1497390270233154,0.003723442554473877,0.42020103335380554,0.8901098901098901,0.9310344827586207,0.9101123595505618
1.7459209859371185,1.1361705362796783,3.2262515127658844,0.0035470053553581238,0.5420533940196037,0.7566909975669099,0.3756038647342995,0.5020177562550443,1.6494820713996887,1.164171814918518,3.281332492828369,0.003698587417602539,0.41554802656173706,0.9010989010989011,0.9318181818181818,0.9162011173184357
1.7409114465117455,1.1319651678204536,3.2151794135570526,0.0038110017776489258,0.5387225784361362,0.7639902676399026,0.3819951338199513,0.5093268450932684,1.6360839009284973,1.156773030757904,3.252037763595581,0.004133045673370361,0.4055014103651047,0.8571428571428571,0.9629629629629629,0.9069767441860465
1.7265532165765762,1.128427006304264,3.197766661643982,0.0034123510122299194,0.5320591330528259,0.7846715328467153,0.4124040920716113,0.5406538139145013,1.6258668899536133,1.1511192917823792,3.1706795692443848,0.003800034523010254,0.4050784558057785,0.9340659340659341,0.9340659340659341,0.9340659340659341
1.7194743230938911,1.122149020433426,3.243952214717865,0.003438197076320648,0.5305381827056408,0.7506082725060828,0.40038935756002597,0.5222175201015659,1.6232910752296448,1.1491129994392395,3.1503783464431763,0.004048049449920654,0.4022342562675476,0.8791208791208791,0.9411764705882353,0.9090909090909091
1.7018731161952019,1.1166878715157509,3.217862546443939,0.0031714513897895813,0.5213238261640072,0.745742092457421,0.40676841406768416,0.5264061829111207,1.6080487370491028,1.1476404666900635,3.289950728416443,0.0031992197036743164,0.39554861187934875,0.8351648351648352,0.9382716049382716,0.8837209302325583
1.702991783618927,1.1148563250899315,3.240613505244255,0.0036764368414878845,0.5190017037093639,0.7518248175182481,0.44142857142857145,0.5562556255625563,1.6079788208007812,1.141402006149292,3.2061346769332886,0.004616439342498779,0.3883972465991974,0.8681318681318682,0.9404761904761905,0.9028571428571429
1.6913770586252213,1.1083915084600449,3.231661334633827,0.0034218505024909973,0.5164846517145634,0.7737226277372263,0.4353182751540041,0.557161629434954,1.5870432257652283,1.1374002695083618,3.199097156524658,0.003371596336364746,0.3839696794748306,0.8791208791208791,0.9302325581395349,0.9039548022598871
1.679883025586605,1.1078058704733849,3.2675865292549133,0.003236129879951477,0.5070723686367273,0.7834549878345499,0.45673758865248226,0.5770609318996416,1.5839294791221619,1.1364740133285522,3.2599658966064453,0.0032817721366882324,0.3820708841085434,0.8791208791208791,0.9195402298850575,0.898876404494382
1.6691117659211159,1.105058640241623,3.2418879121541977,0.0032633021473884583,0.49903385154902935,0.7725060827250608,0.47423450336071693,0.5876908838500695,1.5838629603385925,1.1302923560142517,3.3030189275741577,0.0041738152503967285,0.3788440078496933,0.8351648351648352,0.9382716049382716,0.8837209302325583
1.6560317128896713,1.097236342728138,3.235713392496109,0.00313403457403183,0.4951292295008898,0.7761557177615572,0.49228395061728397,0.6024551463644948,1.5726362466812134,1.1314479112625122,3.2427698373794556,0.0035601258277893066,0.3731950521469116,0.8681318681318682,0.9404761904761905,0.9028571428571429
1.6540806591510773,1.0972261801362038,3.239936590194702,0.003565274178981781,0.48883802630007267,0.8029197080291971,0.5038167938931297,0.6191369606003753,1.5728663802146912,1.131731629371643,3.1515637636184692,0.003786742687225342,0.3717895597219467,0.9230769230769231,0.9333333333333333,0.9281767955801106
1.6432894989848137,1.0942918211221695,3.262281969189644,0.0032684430480003357,0.48372312635183334,0.7883211678832117,0.510236220472441,0.6195028680688337,1.5608158111572266,1.1265825033187866,3.2494614124298096,0.003588378429412842,0.3658907264471054,0.9120879120879121,0.9325842696629213,0.9222222222222223
1.6466046795248985,1.0952868834137917,3.2305716276168823,0.003221854567527771,0.48682573810219765,0.7737226277372263,0.5092073658927142,0.6141960405601159,1.5577419996261597,1.12848699092865,3.349843740463257,0.0033851265907287598,0.3619391918182373,0.8901098901098901,0.9310344827586207,0.9101123595505618
1.6289351433515549,1.0878957882523537,3.26901014149189,0.0029709041118621826,0.4786699078977108,0.7615571776155717,0.5305084745762711,0.6253746253746254,1.5593271255493164,1.1269786953926086,3.3189456462860107,0.0038796663284301758,0.36040112376213074,0.8681318681318682,0.9404761904761905,0.9028571428571429
1.6166761443018913,1.0875888764858246,3.2502899169921875,0.002732023596763611,0.4692914802581072,0.7895377128953771,0.5556506849315068,0.6522613065326633,1.5382853746414185,1.1192689538002014,3.1473594903945923,0.002920389175415039,0.35836806893348694,0.9340659340659341,0.9444444444444444,0.9392265193370165
1.6086920723319054,1.0799973830580711,3.267442137002945,0.0028407201170921326,0.46764148958027363,0.8041362530413625,0.558277027027027,0.6590229312063809,1.529634177684784,1.1170026659965515,3.227279782295227,0.002733945846557617,0.35304664075374603,0.9120879120879121,0.9222222222222223,0.9171270718232044
1.6027628257870674,1.0775546953082085,3.271444007754326,0.0029187053442001343,0.4633358418941498,0.791970802919708,0.5817694369973191,0.6707882534775889,1.5359979271888733,1.1183802485466003,3.144469141960144,0.003579378128051758,0.3504149317741394,0.945054945054945,0.9148936170212766,0.9297297297297297
1.5963668897747993,1.075112909078598,3.292313978075981,0.00294310599565506,0.4589292071759701,0.7761557177615572,0.5721973094170404,0.6587506453278267,1.5183348655700684,1.1113941073417664,3.255084276199341,0.002995014190673828,0.3444697707891464,0.8901098901098901,0.9529411764705882,0.9204545454545454
1.5873939394950867,1.0726642161607742,3.262115463614464,0.0026110857725143433,0.45602383464574814,0.7858880778588808,0.5992578849721707,0.68,1.5187404155731201,1.1156036853790283,3.254297614097595,0.002903580665588379,0.34158700704574585,0.8791208791208791,0.9195402298850575,0.898876404494382
1.5914897844195366,1.071508675813675,3.280400350689888,0.0030438601970672607,0.45676898397505283,0.7895377128953771,0.6042830540037244,0.6845991561181435,1.5149251818656921,1.1119508147239685,3.235016345977783,0.0032778382301330566,0.33787859976291656,0.9560439560439561,0.9354838709677419,0.9456521739130435
1.584966003894806,1.0762568786740303,3.282083421945572,0.0029337480664253235,0.4465801361948252,0.8357664233576643,0.6222826086956522,0.7133956386292836,1.5337191224098206,1.111098289489746,3.4215543270111084,0.005499660968780518,0.33346371352672577,0.8791208791208791,0.9523809523809523,0.9142857142857143
1.5648526847362518,1.0623664557933807,3.296982392668724,0.0025145933032035828,0.44439560920000076,0.8150851581508516,0.634469696969697,0.7135250266240682,1.4942108392715454,1.1007320880889893,3.3254928588867188,0.0027280449867248535,0.33297063410282135,0.9010989010989011,0.9425287356321839,0.9213483146067416
1.5579338520765305,1.0565436258912086,3.2760126292705536,0.002791881561279297,0.4407392255961895,0.8260340632603407,0.6369606003752345,0.7192796610169492,1.490101397037506,1.100638508796692,3.2129703760147095,0.0027727484703063965,0.3296334445476532,0.9230769230769231,0.9438202247191011,0.9333333333333335
1.5558217763900757,1.0595683977007866,3.3033977895975113,0.0028781816363334656,0.434466365724802,0.8029197080291971,0.6521739130434783,0.7197382769901856,1.4901052117347717,1.0974597930908203,3.263455390930176,0.0032407045364379883,0.327636182308197,0.9120879120879121,0.9540229885057471,0.9325842696629213
1.5422547832131386,1.0535481944680214,3.305635690689087,0.0024421587586402893,0.431253083050251,0.8357664233576643,0.6689386562804285,0.7431043807463494,1.4797584414482117,1.0944584608078003,3.2616389989852905,0.0029105544090270996,0.3236072063446045,0.9340659340659341,0.9444444444444444,0.9392265193370165
1.5371336862444878,1.0498119369149208,3.2966561764478683,0.0025880858302116394,0.42850022576749325,0.8369829683698297,0.6745098039215687,0.747014115092291,1.4801918268203735,1.0942592024803162,3.2911022901535034,0.0031777024269104004,0.32127636671066284,0.8791208791208791,0.9411764705882353,0.9090909090909091
1.5360866039991379,1.0502730458974838,3.284898191690445,0.00255497545003891,0.4274404067546129,0.8272506082725061,0.6621226874391432,0.7355327203893997,1.4853891134262085,1.0966087579727173,3.3094600439071655,0.003600776195526123,0.3197140395641327,0.8901098901098901,0.9529411764705882,0.9204545454545454
1.5302758887410164,1.0497515425086021,3.297025188803673,0.002787865698337555,0.41970333456993103,0.8272506082725061,0.6903553299492385,0.752628666297731,1.477100908756256,1.0978091955184937,3.323150157928467,0.002669692039489746,0.3193899691104889,0.9230769230769231,0.9230769230769231,0.9230769230769231
1.5197659134864807,1.041968435049057,3.3071758449077606,0.0027408599853515625,0.417344531044364,0.8284671532846716,0.7191129883843717,0.7699265121537592,1.4679481387138367,1.087661862373352,3.320460319519043,0.003053903579711914,0.3165731132030487,0.8901098901098901,0.9310344827586207,0.9101123595505618
1.5155758559703827,1.037103857845068,3.2986447513103485,0.002642497420310974,0.4190870113670826,0.8029197080291971,0.694006309148265,0.7445008460236886,1.472678005695343,1.090708315372467,3.251241087913513,0.00338822603225708,0.3156089335680008,0.8131868131868132,0.9367088607594937,0.8705882352941177
1.5097742676734924,1.038144625723362,3.3198922723531723,0.0028848499059677124,0.40961107797920704,0.8284671532846716,0.7260127931769723,0.7738636363636364,1.4613111019134521,1.0873489379882812,3.200866222381592,0.0033180713653564453,0.308805912733078,0.9010989010989011,0.9534883720930233,0.9265536723163842
1.5092354714870453,1.041590839624405,3.281969666481018,0.0029580146074295044,0.4052743371576071,0.829683698296837,0.7060041407867494,0.7628635346756151,1.4574014544487,1.0859060287475586,3.2786738872528076,0.003085792064666748,0.30788157880306244,0.9120879120879121,0.9325842696629213,0.9222222222222223
1.5004590153694153,1.0340599417686462,3.3292518854141235,0.002768971025943756,0.4054445344954729,0.8102189781021898,0.7286652078774617,0.7672811059907834,1.4581854939460754,1.087321698665619,3.3869314193725586,0.0028404593467712402,0.30861830711364746,0.8461538461538461,0.9506172839506173,0.8953488372093024
1.4903510361909866,1.0301999673247337,3.3467124104499817,0.002447478473186493,0.40223362296819687,0.8272506082725061,0.7327586206896551,0.777142857142857,1.4542721509933472,1.081330120563507,3.337294340133667,0.0037547945976257324,0.30205871164798737,0.945054945054945,0.9052631578947369,0.924731182795699
1.4833164513111115,1.0282519236207008,3.3005450814962387,0.002324044704437256,0.3988418448716402,0.8248175182481752,0.7361563517915309,0.7779690189328744,1.4395226836204529,1.0773308277130127,3.218782663345337,0.0029771924018859863,0.30026182532310486,0.9010989010989011,0.9318181818181818,0.9162011173184357
1.485457368195057,1.0273525267839432,3.3431337028741837,0.0024428367614746094,0.4002695381641388,0.8272506082725061,0.7597765363128491,0.7920792079207921,1.437515139579773,1.081532061100006,3.276392698287964,0.0027906298637390137,0.29534074664115906,0.9340659340659341,0.9444444444444444,0.9392265193370165
1.4769785925745964,1.023586854338646,3.3134570866823196,0.002571113407611847,0.39457174576818943,0.8394160583941606,0.750816104461371,0.7926479035037335,1.438709795475006,1.0800148844718933,3.0795159339904785,0.003087341785430908,0.2970571964979172,0.945054945054945,0.8775510204081632,0.91005291005291
1.4748504161834717,1.02093705534935,3.32173028588295,0.0026472583413124084,0.3942499775439501,0.8126520681265207,0.7522522522522522,0.7812865497076023,1.4353938698768616,1.0789592862129211,3.149364948272705,0.003015279769897461,0.29481829702854156,0.8791208791208791,0.963855421686747,0.9195402298850575
1.4682759121060371,1.0206035636365414,3.3049436062574387,0.0023790597915649414,0.3908560946583748,0.8454987834549879,0.7748049052396878,0.808609656777196,1.4176825284957886,1.0744279623031616,3.2347183227539062,0.0022248029708862305,0.2886815518140793,0.9340659340659341,0.9340659340659341,0.9340659340659341
1.4664634987711906,1.017179150134325,3.3526388108730316,0.002307504415512085,0.3927059918642044,0.8637469586374696,0.7836644591611479,0.8217592592592594,1.415687918663025,1.072339415550232,3.2321081161499023,0.00233304500579834,0.28772032260894775,0.9010989010989011,0.9318181818181818,0.9162011173184357
1.4534923732280731,1.0127715915441513,3.3350860327482224,0.00224854052066803,0.38490700349211693,0.8369829683698297,0.7908045977011494,0.8132387706855791,1.4150270223617554,1.0710546374320984,3.2914795875549316,0.0027136802673339844,0.28394800424575806,0.9120879120879121,0.9540229885057471,0.9325842696629213
1.445927694439888,1.0081368871033192,3.351751908659935,0.0024620145559310913,0.37967779859900475,0.8418491484184915,0.7890535917901939,0.8145968216597999,1.417599618434906,1.0706759095191956,3.393372416496277,0.003004729747772217,0.2829728126525879,0.9120879120879121,0.9431818181818182,0.9273743016759776
1.4424889162182808,1.005659457296133,3.3153288066387177,0.0022601112723350525,0.38109765015542507,0.8369829683698297,0.7791619479048698,0.8070381231671554,1.407640814781189,1.0690343976020813,3.212721109390259,0.0026464462280273438,0.2800411731004715,0.945054945054945,0.9347826086956522,0.9398907103825138
1.436929114162922,1.0050755813717842,3.3433652073144913,0.0023893415927886963,0.37455033510923386,0.8357664233576643,0.8016336056009334,0.8183442525312685,1.4068944454193115,1.0656988024711609,3.2569148540496826,0.0029158592224121094,0.279496967792511,0.9010989010989011,0.9425287356321839,0.9213483146067416
1.441960334777832,1.0048960521817207,3.333632245659828,0.0025659576058387756,0.3780940342694521,0.8345498783454988,0.8215568862275449,0.8280024140012069,1.4065756797790527,1.0726172924041748,3.142290234565735,0.0025453567504882812,0.2771073579788208,0.9230769230769231,0.9438202247191011,0.9333333333333335
1.4322087168693542,1.0012456998229027,3.3460545390844345,0.002369530498981476,0.37383086048066616,0.8394160583941606,0.8333333333333334,0.8363636363636363,1.3965421319007874,1.0656579732894897,3.1773875951766968,0.00240480899810791,0.27508629858493805,0.9230769230769231,0.9438202247191011,0.9333333333333335
1.4259085580706596,0.9990116506814957,3.3266129046678543,0.002355523407459259,0.37009911239147186,0.8454987834549879,0.8128654970760234,0.8288610614192009,1.3965824842453003,1.0647634267807007,3.2397135496139526,0.002457916736602783,0.2748674005270004,0.9230769230769231,0.9130434782608695,0.9180327868852459
1.4277116805315018,1.002480287104845,3.3161671310663223,0.002183377742767334,0.37025780230760574,0.8552311435523114,0.8241500586166471,0.8394029850746269,1.3997677564620972,1.0715387463569641,3.249277710914612,0.0023494362831115723,0.27226535975933075,0.9120879120879121,0.9120879120879121,0.9120879120879121
1.420467384159565,1.0000978037714958,3.346849575638771,0.002399533987045288,0.3629297651350498,0.8369829683698297,0.8249400479616307,0.8309178743961353,1.393997073173523,1.0612253546714783,3.3965827226638794,0.0029543638229370117,0.2692917436361313,0.9120879120879121,0.9222222222222223,0.9171270718232044
1.4148203283548355,0.9953303895890713,3.351873144507408,0.0020255669951438904,0.3657358009368181,0.8223844282238443,0.8253968253968254,0.8238878732480196,1.397068977355957,1.0635132789611816,3.298895001411438,0.0032961368560791016,0.26763834059238434,0.9340659340659341,0.9239130434782609,0.9289617486338797
1.406904973089695,0.9912500381469727,3.333183467388153,0.002266012132167816,0.35968563705682755,0.8491484184914841,0.8329355608591885,0.8409638554216868,1.3831909894943237,1.059650719165802,3.2225115299224854,0.0022046566009521484,0.26929062604904175,0.8791208791208791,0.9302325581395349,0.9039548022598871
1.3985987231135368,0.9889929555356503,3.348969981074333,0.002003699541091919,0.35609911009669304,0.8552311435523114,0.8490338164251208,0.8521212121212121,1.3915668725967407,1.0583770275115967,3.321770429611206,0.0033603310585021973,0.26640236377716064,0.9010989010989011,0.9213483146067416,0.9111111111111112
1.3931152895092964,0.9852779693901539,3.3391699343919754,0.002252347767353058,0.35194464959204197,0.8394160583941606,0.8293269230769231,0.8343409915356711,1.3799463510513306,1.060097575187683,3.386454224586487,0.002582073211669922,0.26018933951854706,0.9230769230769231,0.9438202247191011,0.9333333333333335
1.3881108090281487,0.9819739200174809,3.361748546361923,0.0020949020981788635,0.35159130208194256,0.8260340632603407,0.84875,0.8372379778051787,1.3751537203788757,1.0560638904571533,3.2426286935806274,0.0026167631149291992,0.2605220526456833,0.9230769230769231,0.9438202247191011,0.9333333333333335
1.387768730521202,0.9775494784116745,3.3386362940073013,0.002254471182823181,0.35431070998311043,0.8406326034063261,0.8583850931677018,0.8494161032575293,1.3602327108383179,1.0495361685752869,3.157796621322632,0.001961052417755127,0.25952768325805664,0.9120879120879121,0.9222222222222223,0.9171270718232044
1.382076159119606,0.9802511818706989,3.3527245223522186,0.002119198441505432,0.3471269477158785,0.8832116788321168,0.865315852205006,0.8741721854304636,1.3615288734436035,1.0540282130241394,3.1320170164108276,0.0020919442176818848,0.2552819848060608,0.9120879120879121,0.9540229885057471,0.9325842696629213
1.3750363737344742,0.9759605154395103,3.3616269528865814,0.002126336097717285,0.3442175146192312,0.8491484184914841,0.8533007334963325,0.8512195121951219,1.3733085989952087,1.0525063276290894,3.1652345657348633,0.0032718777656555176,0.25646384060382843,0.9120879120879121,0.9325842696629213,0.9222222222222223
1.3711963817477226,0.9733448959887028,3.3469488471746445,0.002153433859348297,0.3428691904991865,0.8625304136253041,0.8593939393939394,0.8609593199757134,1.3622535467147827,1.0535252094268799,3.1067553758621216,0.0024369359016418457,0.2533158212900162,0.9560439560439561,0.90625,0.9304812834224598
1.3653322756290436,0.9718087613582611,3.3399738520383835,0.0021103844046592712,0.3390410579741001,0.8442822384428224,0.8807106598984772,0.8621118012422361,1.3518956303596497,1.0475190877914429,3.27617347240448,0.0021802783012390137,0.24983379244804382,0.9340659340659341,0.9444444444444444,0.9392265193370165
1.3646317645907402,0.9733550474047661,3.3529052287340164,0.001947455108165741,0.33829260244965553,0.8552311435523114,0.8809523809523809,0.8679012345679012,1.349833071231842,1.0489388704299927,3.2036375999450684,0.0021522045135498047,0.2473573535680771,0.9340659340659341,0.9340659340659341,0.9340659340659341
1.3589477464556694,0.9699907228350639,3.376302659511566,0.0021912455558776855,0.3333034384995699,0.8576642335766423,0.8867924528301887,0.8719851576994435,1.357793390750885,1.0529783964157104,3.2474865913391113,0.0025063157081604004,0.24730202555656433,0.9340659340659341,0.9340659340659341,0.9340659340659341
1.3601731061935425,0.9713632315397263,3.34953773021698,0.0022267550230026245,0.3330691996961832,0.8552311435523114,0.8910012674271229,0.8727498448168839,1.3476974368095398,1.049791693687439,3.239554524421692,0.0022063255310058594,0.2434689775109291,0.9120879120879121,0.9325842696629213,0.9222222222222223
1.3610992655158043,0.9687348827719688,3.354649320244789,0.001997053623199463,0.33886728808283806,0.843065693430657,0.8716981132075472,0.8571428571428572,1.3654581308364868,1.0568046569824219,3.4596017599105835,0.0031210780143737793,0.24287781864404678,0.9010989010989011,0.9213483146067416,0.9111111111111112
1.3468682765960693,0.9611828327178955,3.3449875861406326,0.0018047094345092773,0.3342065401375294,0.8564476885644768,0.8833124215809285,0.8696726374305127,1.3424152135849,1.044544756412506,3.2683380842208862,0.0023589730262756348,0.2416209876537323,0.9230769230769231,0.9545454545454546,0.9385474860335197
1.3429876863956451,0.9617827124893665,3.3676369041204453,0.002001062035560608,0.3275380078703165,0.8491484184914841,0.8994845360824743,0.8735919899874844,1.3447644114494324,1.044921100139618,3.2191330194473267,0.0028090476989746094,0.23958958685398102,0.945054945054945,0.945054945054945,0.945054945054945
1.3409212231636047,0.9607531875371933,3.370928183197975,0.0018637403845787048,0.32784000039100647,0.8248175182481752,0.881664499349805,0.8522941546197359,1.3363903760910034,1.0401666164398193,3.4025872945785522,0.0026549696922302246,0.2356746643781662,0.945054945054945,0.945054945054945,0.945054945054945
1.3297844007611275,0.9569736160337925,3.347363993525505,0.0016995444893836975,0.3223586678504944,0.8613138686131386,0.9042145593869731,0.8822429906542056,1.3520047068595886,1.0485555529594421,3.3490296602249146,0.0031012892723083496,0.23897694796323776,0.9010989010989011,0.9111111111111111,0.9060773480662984
1.3341685011982918,0.9564955197274685,3.3678465634584427,0.0020199865102767944,0.32381485775113106,0.8600973236009732,0.912258064516129,0.8854101440200376,1.323560655117035,1.0384114384651184,3.2545007467269897,0.0016567707061767578,0.23605308681726456,0.9120879120879121,0.9431818181818182,0.9273743016759776
1.3243695199489594,0.9525195024907589,3.36166974902153,0.0019886717200279236,0.3183664809912443,0.8564476885644768,0.9083870967741936,0.881653099561678,1.3245213031768799,1.0407074689865112,3.2408246994018555,0.0018134713172912598,0.23328901827335358,0.9340659340659341,0.9340659340659341,0.9340659340659341
1.3252499029040337,0.9491983205080032,3.361539661884308,0.002262510359287262,0.3198337145149708,0.8321167883211679,0.8917861799217731,0.8609188168659534,1.3251243233680725,1.0388038754463196,3.3292449712753296,0.0020294785499572754,0.2327534183859825,0.9010989010989011,0.9425287356321839,0.9213483146067416
1.319108560681343,0.9467226825654507,3.3692981004714966,0.00194472074508667,0.3192651495337486,0.8600973236009732,0.9193758127438232,0.8887492143306097,1.3222251534461975,1.0344622135162354,3.271012306213379,0.002313375473022461,0.23194225877523422,0.8901098901098901,0.9310344827586207,0.9101123595505618
1.3172189518809319,0.9491528384387493,3.3993161469697952,0.0019407719373703003,0.31468464247882366,0.8491484184914841,0.9018087855297158,0.8746867167919798,1.3216999173164368,1.037318229675293,3.2820078134536743,0.0022623538970947266,0.22896071523427963,0.9120879120879121,0.9431818181818182,0.9273743016759776
1.3096670433878899,0.9437175542116165,3.3682098239660263,0.0019297078251838684,0.3129896279424429,0.8576642335766423,0.9085051546391752,0.8823529411764707,1.3217472434043884,1.0367120504379272,3.236369252204895,0.002374887466430664,0.22894646972417831,0.8791208791208791,0.9523809523809523,0.9142857142857143
1.3105430230498314,0.9445189200341702,3.3783635199069977,0.0018487200140953064,0.3137717377394438,0.8661800486618005,0.9035532994923858,0.884472049689441,1.3202627897262573,1.0371636152267456,3.2347521781921387,0.002337813377380371,0.2273969203233719,0.8791208791208791,0.9302325581395349,0.9039548022598871
1.3004773408174515,0.9373175129294395,3.3773595988750458,0.002092801034450531,0.30847914703190327,0.851581508515815,0.9320905459387483,0.8900190718372536,1.308158040046692,1.034096360206604,3.1716012954711914,0.0019454360008239746,0.2229107916355133,0.9230769230769231,0.9438202247191011,0.9333333333333335
1.304400086402893,0.9400340057909489,3.3739156872034073,0.0020071715116500854,0.3105752766132355,0.8491484184914841,0.9369127516778524,0.8908742820676452,1.315103828907013,1.0350655913352966,3.3467782735824585,0.0024837255477905273,0.22175807505846024,0.9230769230769231,0.9333333333333333,0.9281767955801106
1.3057171776890755,0.942767109721899,3.3839997947216034,0.0021503791213035583,0.30762777104973793,0.851581508515815,0.9198423127463863,0.8843967150979154,1.310573697090149,1.035545289516449,3.3989620208740234,0.002283155918121338,0.21823005378246307,0.9340659340659341,0.9239130434782609,0.9289617486338797
1.2909290716052055,0.9332228600978851,3.401043713092804,0.002011016011238098,0.3036057222634554,0.8588807785888077,0.9156939040207522,0.8863779033270558,1.311408281326294,1.0346558690071106,3.3571144342422485,0.0025611519813537598,0.21759532392024994,0.9230769230769231,0.9438202247191011,0.9333333333333335
1.287208929657936,0.9304366819560528,3.4247009307146072,0.0017784610390663147,0.3047584053128958,0.878345498783455,0.9328165374677002,0.9047619047619048,1.3140239119529724,1.033714473247528,3.3265241384506226,0.0027121305465698242,0.21995001286268234,0.8901098901098901,0.9418604651162791,0.9152542372881357
1.2830860689282417,0.9329930879175663,3.3529752492904663,0.001753397285938263,0.2990468107163906,0.8868613138686131,0.9310344827586207,0.9084112149532709,1.3030836582183838,1.0372424125671387,3.2569574117660522,0.0019116401672363281,0.21417437493801117,0.9340659340659341,0.9239130434782609,0.9289617486338797
1.2780213207006454,0.9310352057218552,3.380479857325554,0.0016606375575065613,0.2965915594249964,0.8795620437956204,0.9576158940397351,0.9169308814204186,1.3009762167930603,1.0286478400230408,3.280040740966797,0.0023820996284484863,0.2157306745648384,0.9010989010989011,0.9213483146067416,0.9111111111111112
1.2697447538375854,0.9263197146356106,3.4133415669202805,0.0018428564071655273,0.2908814884722233,0.8673965936739659,0.9247730220492867,0.8951663527934713,1.2916241884231567,1.0294597148895264,3.237484574317932,0.0017892718315124512,0.2119147852063179,0.9120879120879121,0.9222222222222223,0.9171270718232044
1.2688781917095184,0.9270721860229969,3.3887153267860413,0.001610390841960907,0.29183105379343033,0.8759124087591241,0.9314359637774903,0.90282131661442,1.2975340485572815,1.0359124541282654,3.3038899898529053,0.0017601847648620605,0.21099849790334702,0.9230769230769231,0.9130434782608695,0.9180327868852459
1.2723255529999733,0.9255999512970448,3.405696004629135,0.001991093158721924,0.2927776277065277,0.8552311435523114,0.9398395721925134,0.8955414012738854,1.2988656759262085,1.0298129320144653,3.4003515243530273,0.0026358962059020996,0.20871659368276596,0.9120879120879121,0.9325842696629213,0.9222222222222223
1.2657048627734184,0.923154454678297,3.390817776322365,0.0018251463770866394,0.29040902853012085,0.8686131386861314,0.9407114624505929,0.903225806451613,1.3013707995414734,1.0322139859199524,3.2919830083847046,0.0029514431953430176,0.20675204694271088,0.945054945054945,0.9148936170212766,0.9297297297297297
1.267862245440483,0.9241512976586819,3.3796345591545105,0.0020653903484344482,0.28928135707974434,0.8722627737226277,0.9484126984126984,0.908745247148289,1.2906843423843384,1.030087649822235,3.397291421890259,0.0020743608474731445,0.2059009149670601,0.9340659340659341,0.9239130434782609,0.9289617486338797
1.26437658816576,0.922389093786478,3.396937385201454,0.0016412287950515747,0.291622256860137,0.8613138686131386,0.937748344370861,0.8979074191502855,1.2906818389892578,1.0288774967193604,3.3684208393096924,0.002250492572784424,0.20563777536153793,0.9230769230769231,0.9333333333333333,0.9281767955801106
1.2586234733462334,0.9180467091500759,3.4161359518766403,0.0018400996923446655,0.28803282231092453,0.8698296836982968,0.9370904325032765,0.9022082018927445,1.2953488230705261,1.0294349193572998,3.4582669734954834,0.002863168716430664,0.20272813737392426,0.9340659340659341,0.9239130434782609,0.9289617486338797
1.25110325217247,0.9173806011676788,3.4097747653722763,0.0018150806427001953,0.2814922761172056,0.8905109489051095,0.9556135770234987,0.9219143576826196,1.2918018102645874,1.0275982022285461,3.455465793609619,0.0028586387634277344,0.20109111815690994,0.9340659340659341,0.9139784946236559,0.9239130434782609
1.2488436847925186,0.914378397166729,3.3888740986585617,0.0019261911511421204,0.2813339028507471,0.8819951338199513,0.9379042690815006,0.9090909090909091,1.2753956317901611,1.0262441039085388,3.291337251663208,0.0017526745796203613,0.19872894138097763,0.9340659340659341,0.9139784946236559,0.9239130434782609
1.2344954088330269,0.9117126427590847,3.415720596909523,0.001525774598121643,0.2733830660581589,0.8819951338199513,0.940337224383917,0.9102322661644696,1.2831535935401917,1.0301510095596313,3.338745355606079,0.0018200278282165527,0.20143302530050278,0.9230769230769231,0.9032258064516129,0.9130434782608696
1.2357982695102692,0.9102886207401752,3.426253855228424,0.001584470272064209,0.27541824616491795,0.8929440389294404,0.9374201787994891,0.9146417445482867,1.2732465863227844,1.024124562740326,3.31656014919281,0.0016114115715026855,0.1998584121465683,0.9010989010989011,0.9318181818181818,0.9162011173184357
1.238036297261715,0.911817904561758,3.39424829185009,0.0018352195620536804,0.27394207008183,0.8686131386861314,0.967479674796748,0.9153846153846155,1.2783944606781006,1.0286471843719482,3.22102952003479,0.0021390914916992188,0.19616743922233582,0.9230769230769231,0.9545454545454546,0.9385474860335197
1.230512373149395,0.9096250906586647,3.417000114917755,0.001558929681777954,0.2711435705423355,0.8929440389294404,0.95822454308094,0.9244332493702772,1.2789198160171509,1.0289933681488037,3.304586172103882,0.0020154714584350586,0.19674599170684814,0.9120879120879121,0.9325842696629213,0.9222222222222223
1.2312681078910828,0.9066890254616737,3.4034289866685867,0.001545920968055725,0.2751010525971651,0.8491484184914841,0.9306666666666666,0.8880407124681933,1.2699419260025024,1.0223186016082764,3.2693616151809692,0.0018468499183654785,0.1964797079563141,0.8681318681318682,0.9634146341463414,0.9132947976878613
1.2254126518964767,0.9049035012722015,3.414792701601982,0.0016199201345443726,0.2701782314106822,0.864963503649635,0.9355263157894737,0.8988621997471554,1.2597951292991638,1.021414339542389,3.2858341932296753,0.001270890235900879,0.19282623380422592,0.9120879120879121,0.9325842696629213,0.9222222222222223
1.2206029891967773,0.9061072170734406,3.4511055797338486,0.0013373643159866333,0.26662442088127136,0.8795620437956204,0.9525691699604744,0.9146110056925997,1.2703672051429749,1.0274530053138733,3.3114954233169556,0.0017117857933044434,0.19269848614931107,0.9120879120879121,0.9431818181818182,0.9273743016759776
1.2098331823945045,0.8979911133646965,3.457725778222084,0.0013267546892166138,0.26401052717119455,0.8807785888077859,0.9526315789473684,0.9152970922882427,1.263180911540985,1.0261154770851135,3.3083014488220215,0.001632392406463623,0.18767476826906204,0.9560439560439561,0.9157894736842105,0.935483870967742
1.2096200734376907,0.8952620439231396,3.434529736638069,0.0017401725053787231,0.2626284025609493,0.8978102189781022,0.9547218628719275,0.9253918495297806,1.268157184123993,1.0255987644195557,3.3356199264526367,0.002294301986694336,0.18628212809562683,0.9560439560439561,0.8877551020408163,0.9206349206349207
1.2073910608887672,0.897820021957159,3.4478936195373535,0.001562461256980896,0.25948310643434525,0.8941605839416058,0.9671052631578947,0.9292035398230089,1.2578924298286438,1.0176551938056946,3.3206719160079956,0.0022396445274353027,0.18465647846460342,0.9340659340659341,0.9340659340659341,0.9340659340659341
1.2020961865782738,0.8957378081977367,3.4311157017946243,0.0016473308205604553,0.25559039786458015,0.8905109489051095,0.9669749009247027,0.9271690943635212,1.2539018988609314,1.022790551185608,3.3163827657699585,0.0017442703247070312,0.18052221089601517,0.9560439560439561,0.9560439560439561,0.9560439560439561
1.2014030516147614,0.8943378403782845,3.418263390660286,0.0016713514924049377,0.2561857718974352,0.902676399026764,0.9598965071151359,0.9304075235109719,1.2503067255020142,1.020711898803711,3.370477318763733,0.0016246438026428223,0.17965984344482422,0.945054945054945,0.9555555555555556,0.9502762430939227
1.196003444492817,0.8889255002140999,3.4396901428699493,0.0015009641647338867,0.25768640637397766,0.8953771289537713,0.9472329472329473,0.9205753595997498,1.2558064460754395,1.0210071206092834,3.3732153177261353,0.0019359588623046875,0.18172693997621536,0.8901098901098901,0.9642857142857143,0.9257142857142856
1.1898625567555428,0.8904569149017334,3.407279208302498,0.001559525728225708,0.24975317064672709,0.8965936739659367,0.9608865710560626,0.9276274386406544,1.2540728449821472,1.0220943093299866,3.237208366394043,0.0018464326858520508,0.1811605840921402,0.9120879120879121,0.9431818181818182,0.9273743016759776
1.1916851550340652,0.8904916159808636,3.4358904659748077,0.001489482820034027,0.2519547138363123,0.9172749391727494,0.9508196721311475,0.9337461300309596,1.251056969165802,1.020369052886963,3.400853991508484,0.0017529726028442383,0.17916718125343323,0.9340659340659341,0.9239130434782609,0.9289617486338797
1.1861610263586044,0.8877041526138783,3.445258229970932,0.0014491304755210876,0.24952746462076902,0.8965936739659367,0.9671916010498688,0.9305555555555555,1.261835753917694,1.0276697278022766,3.3238877058029175,0.0022854208946228027,0.1780957281589508,0.9230769230769231,0.9333333333333333,0.9281767955801106
1.1843326687812805,0.885772105306387,3.444584906101227,0.0015126243233680725,0.2490035928785801,0.916058394160584,0.9592356687898089,0.9371499688861232,1.2486209869384766,1.0165715217590332,3.230319857597351,0.002403557300567627,0.17573468387126923,0.945054945054945,0.945054945054945,0.945054945054945
1.178116224706173,0.8823059760034084,3.444988414645195,0.001287512481212616,0.24849811661988497,0.9075425790754258,0.9726205997392438,0.9389553178099433,1.251769781112671,1.0194662809371948,3.334467887878418,0.002569735050201416,0.17328715324401855,0.9340659340659341,0.9340659340659341,0.9340659340659341
1.1723449900746346,0.8811041042208672,3.4379756450653076,0.001509152352809906,0.24178469367325306,0.9148418491484185,0.9665809768637532,0.94,1.2502121925354004,1.0243749618530273,3.303805112838745,0.002053380012512207,0.17228587716817856,0.9120879120879121,0.9325842696629213,0.9222222222222223
1.1726738139986992,0.8789729364216328,3.4517837464809418,0.0013723894953727722,0.24547287728637457,0.916058394160584,0.9728682170542635,0.943609022556391,1.245601236820221,1.0212992429733276,3.257461905479431,0.0020391345024108887,0.1713564470410347,0.9230769230769231,0.9230769230769231,0.9230769230769231
1.1649169102311134,0.875315573066473,3.422501862049103,0.0014137402176856995,0.24125305004417896,0.9245742092457421,0.9644670050761421,0.9440993788819876,1.2450253367424011,1.0138349533081055,3.2793188095092773,0.0027155280113220215,0.17126914858818054,0.9230769230769231,0.9333333333333333,0.9281767955801106
1.160949967801571,0.8775573410093784,3.4613281786441803,0.0013362392783164978,0.2354303253814578,0.9111922141119222,0.9702072538860104,0.9397741530740277,1.2397432923316956,1.0172159075737,3.272207736968994,0.0019539594650268555,0.17028525471687317,0.9340659340659341,0.9239130434782609,0.9289617486338797
1.1615771055221558,0.8740300871431828,3.441625490784645,0.0013663098216056824,0.23948134202510118,0.9111922141119222,0.9578005115089514,0.9339152119700748,1.2320703864097595,1.018353283405304,3.2030892372131348,0.0012670159339904785,0.16902869939804077,0.9340659340659341,0.9239130434782609,0.9289617486338797
1.1578572690486908,0.8727467022836208,3.4583690464496613,0.0015423446893692017,0.2351188361644745,0.9124087591240876,0.974025974025974,0.9422110552763819,1.2503419518470764,1.0250439047813416,3.4330673217773438,0.002677321434020996,0.16422095149755478,0.9340659340659341,0.9444444444444444,0.9392265193370165
1.147986151278019,0.8697071634232998,3.4693493098020554,0.001431792974472046,0.22928188554942608,0.9209245742092458,0.9767741935483871,0.9480275516593614,1.2468316555023193,1.0223236083984375,3.350453019142151,0.002633512020111084,0.16469472646713257,0.9230769230769231,0.9333333333333333,0.9281767955801106
1.149600274860859,0.869321946054697,3.475966140627861,0.0013786107301712036,0.2317463606595993,0.9148418491484185,0.9703225806451613,0.9417658108954289,1.230253279209137,1.0175448060035706,3.352437138557434,0.0017148256301879883,0.1620529592037201,0.9560439560439561,0.9354838709677419,0.9456521739130435
1.1509998068213463,0.8701001368463039,3.472995325922966,0.0013013184070587158,0.23316953983157873,0.9221411192214112,0.9643765903307888,0.9427860696517413,1.228670358657837,1.0178208947181702,3.2349607944488525,0.001556992530822754,0.16294553875923157,0.9230769230769231,0.9438202247191011,0.9333333333333335
1.1459165811538696,0.8658459298312664,3.4584725350141525,0.001466907560825348,0.23083152249455452,0.9209245742092458,0.9730077120822622,0.94625,1.2313916087150574,1.0170016288757324,3.292378783226013,0.0019739866256713867,0.161746084690094,0.9340659340659341,0.9340659340659341,0.9340659340659341
1.1408678963780403,0.8597628697752953,3.4525295346975327,0.0013652443885803223,0.2329409494996071,0.9245742092457421,0.96569250317662,0.944686140459913,1.226064383983612,1.00893896818161,3.410962700843811,0.0021154284477233887,0.161882646381855,0.9010989010989011,0.9425287356321839,0.9213483146067416
1.13592117279768,0.861528430134058,3.4954001754522324,0.0013833269476890564,0.22561930306255817,0.9343065693430657,0.9672544080604534,0.9504950495049505,1.2241581678390503,1.0139955282211304,3.4250950813293457,0.0019300580024719238,0.1566304713487625,0.9340659340659341,0.9444444444444444,0.9392265193370165
1.1353587806224823,0.8584391996264458,3.455445408821106,0.0016838312149047852,0.22554365266114473,0.9367396593673966,0.9600997506234414,0.9482758620689654,1.2178943753242493,1.0145496129989624,3.2986210584640503,0.0012969374656677246,0.15740209072828293,0.9230769230769231,0.9438202247191011,0.9333333333333335
1.1312742084264755,0.8579019568860531,3.489189401268959,0.0014766454696655273,0.22372866328805685,0.9099756690997567,0.9842105263157894,0.945638432364096,1.2261319756507874,1.0163593888282776,3.3935301303863525,0.001978635787963867,0.15607070177793503,0.9230769230769231,0.9333333333333333,0.9281767955801106
1.1287170499563217,0.8588968738913536,3.4706571102142334,0.0014227181673049927,0.22090065758675337,0.9318734793187348,0.9770408163265306,0.9539227895392279,1.220792531967163,1.0146936774253845,3.295994997024536,0.001667022705078125,0.15648532658815384,0.9230769230769231,0.9230769230769231,0.9230769230769231
1.1250836476683617,0.8547136262059212,3.4600362181663513,0.0014790520071983337,0.22099393419921398,0.9197080291970803,0.9767441860465116,0.9473684210526316,1.2149690389633179,1.0117735266685486,3.52215039730072,0.0013741850852966309,0.15424595773220062,0.945054945054945,0.9148936170212766,0.9297297297297297
1.1192065626382828,0.8509697057306767,3.488499239087105,0.0013769641518592834,0.21959599200636148,0.927007299270073,0.983225806451613,0.9542892924232937,1.2063327431678772,1.0126968622207642,3.3000563383102417,0.0010265707969665527,0.15037993341684341,0.945054945054945,0.9555555555555556,0.9502762430939227
1.113661490380764,0.8502078801393509,3.476692870259285,0.0013598576188087463,0.2151017114520073,0.9367396593673966,0.9771573604060914,0.9565217391304347,1.2132936120033264,1.0137962698936462,3.330389142036438,0.00139617919921875,0.15224560350179672,0.9340659340659341,0.9340659340659341,0.9340659340659341
1.1129331216216087,0.8503076359629631,3.4968707859516144,0.0013406053185462952,0.21426410879939795,0.9197080291970803,0.9780077619663649,0.947962382445141,1.2230564951896667,1.0197667479515076,3.2786566019058228,0.001987934112548828,0.15064380317926407,0.9340659340659341,0.9340659340659341,0.9340659340659341
1.111628644168377,0.8499842397868633,3.4840056151151657,0.001472771167755127,0.21209136489778757,0.9221411192214112,0.979328165374677,0.949874686716792,1.2189900279045105,1.0169963836669922,3.366304397583008,0.0018185973167419434,0.15016289055347443,0.945054945054945,0.9148936170212766,0.9297297297297297
1.0998294800519943,0.846916176378727,3.461467146873474,0.0013841316103935242,0.20447116065770388,0.9343065693430657,0.9721518987341772,0.9528535980148882,1.2180089950561523,1.0178849697113037,3.418997049331665,0.0018014907836914062,0.14793722331523895,0.945054945054945,0.9347826086956522,0.9398907103825138
1.1014136373996735,0.8432111777365208,3.5048828721046448,0.0014013051986694336,0.20915459655225277,0.9209245742092458,0.9843953185955787,0.951602765556254,1.210914134979248,1.0128713250160217,3.3918704986572266,0.0017165541648864746,0.14697572588920593,0.9340659340659341,0.9444444444444444,0.9392265193370165
1.097071722149849,0.8421684019267559,3.46634079515934,0.0012668147683143616,0.20758443418890238,0.9197080291970803,0.9818181818181818,0.949748743718593,1.2171632647514343,1.0140355825424194,3.429322123527527,0.0023197531700134277,0.1456601470708847,0.9340659340659341,0.9444444444444444,0.9392265193370165
1.0964725092053413,0.8417053893208504,3.4845208823680878,0.0012891888618469238,0.20704292505979538,0.9257907542579076,0.9794079794079794,0.9518449030644153,1.2278059720993042,1.0176354050636292,3.442238450050354,0.0029485225677490234,0.14629244059324265,0.9120879120879121,0.9325842696629213,0.9222222222222223
1.0993201434612274,0.8423214070498943,3.489714965224266,0.0014272406697273254,0.20784344989806414,0.9306569343065694,0.9807692307692307,0.9550561797752808,1.2161366939544678,1.0203784704208374,3.35263729095459,0.0018677711486816406,0.1435728222131729,0.945054945054945,0.9148936170212766,0.9297297297297297
1.084407478570938,0.8388558328151703,3.498127043247223,0.0012069717049598694,0.19851271715015173,0.9294403892944039,0.9845360824742269,0.9561952440550688,1.2074519991874695,1.0161077976226807,3.276024103164673,0.00143355131149292,0.14426271617412567,0.8901098901098901,0.9529411764705882,0.9204545454545454
1.0944404229521751,0.8398634940385818,3.4910193979740143,0.001456618309020996,0.2051151031628251,0.9355231143552312,0.9796178343949045,0.9570628500311139,1.2108635902404785,1.018964409828186,3.295999526977539,0.0016921162605285645,0.14203491061925888,0.9340659340659341,0.9550561797752809,0.9444444444444444
1.0937249511480331,0.8382878638803959,3.49251352250576,0.0013861507177352905,0.20666428562253714,0.889294403892944,0.9694960212201591,0.9276649746192893,1.2059189677238464,1.0153594613075256,3.2333967685699463,0.0017217397689819336,0.14102531969547272,0.9230769230769231,0.9333333333333333,0.9281767955801106
1.0876758694648743,0.8379924222826958,3.5121445804834366,0.0012659281492233276,0.2019154066219926,0.9233576642335767,0.9793548387096774,0.9505322479649343,1.2048689126968384,1.0167680382728577,3.4623613357543945,0.0016150474548339844,0.1373429298400879,0.9340659340659341,0.9550561797752809,0.9444444444444444
1.0811534970998764,0.8326730728149414,3.493468299508095,0.0011824965476989746,0.20173262152820826,0.9318734793187348,0.9833119383825417,0.9569019362898189,1.2075193524360657,1.019460141658783,3.41106379032135,0.0015911459922790527,0.13805294781923294,0.8901098901098901,0.9642857142857143,0.9257142857142856
1.0777960643172264,0.8346167393028736,3.496144935488701,0.00120525062084198,0.19617743510752916,0.9172749391727494,0.9792207792207792,0.9472361809045227,1.2111473083496094,1.0231148600578308,3.3076006174087524,0.0017268657684326172,0.13770511746406555,0.8901098901098901,0.9759036144578314,0.9310344827586207
1.0762262344360352,0.828121691942215,3.5024097114801407,0.0016293898224830627,0.19680285826325417,0.9379562043795621,0.9796696315120712,0.9583592293349906,1.1989891529083252,1.0179975032806396,3.3410125970840454,0.0012058615684509277,0.13553489744663239,0.9230769230769231,0.9545454545454546,0.9385474860335197
1.0695249885320663,0.8282896652817726,3.5212226659059525,0.0012006238102912903,0.19402885530143976,0.9318734793187348,0.9922279792746114,0.961104140526976,1.2078747749328613,1.019634485244751,3.40755295753479,0.0019798874855041504,0.1343856230378151,0.9340659340659341,0.9444444444444444,0.9392265193370165
1.0658009499311447,0.8230295442044735,3.5180784165859222,0.0013605281710624695,0.19399895146489143,0.9391727493917275,0.9784537389100126,0.9584109248913718,1.200726866722107,1.0140999555587769,3.4734665155410767,0.0015177726745605469,0.13672972470521927,0.9010989010989011,0.9425287356321839,0.9213483146067416
1.0671914517879486,0.8250478804111481,3.4973172694444656,0.0012223422527313232,0.19495919067412615,0.9343065693430657,0.973384030418251,0.9534450651769086,1.2025793194770813,1.020325243473053,3.339035749435425,0.001425027847290039,0.13462772965431213,0.9230769230769231,0.9333333333333333,0.9281767955801106
,,,,,,,,1.2077760100364685,1.0210661888122559,3.364745855331421,0.0017931461334228516,0.13514884561300278,0.9340659340659341,0.9139784946236559,0.9239130434782609
