,header,unaligned_sequence,z_0,z_1,z_2,z_3,z_4,z_5,header_2,min_leven[from=nat],perc_min_leven[from=nat],min_leven[from=all],perc_min_leven[from=all],min_leven[from=WT],perc_min_leven[from=WT],min_leven[from=Ortholog],perc_min_leven[from=Ortholog],min_leven[from=Partial],perc_min_leven[from=Partial],min_leven[from=Paralog],perc_min_leven[from=Paralog]
0,seq_0,PKENPWATAEYDYDAASDDEDTVIEVERILNVVKDEDGWCLVTLADRGVKFLTRSAQYVIEPDDAAAG,0.0,0.0,0.0,0.0,0.0,0.0,seq_0,36.0,0.5294117647058824,36.0,0.5294117647058824,49.0,0.7205882352941176,52.0,0.7647058823529411,53.0,0.7794117647058824,36.0,0.5294117647058824
1,seq_1,PKENPWATAEYDYDAADDAEDLSFEEGRILNIQRDHAGWWHAKRADGREGLIPNRYLRQVKA,0.0,0.0,0.0,0.0,0.0,0.0,seq_1,32.0,0.5161290322580645,31.0,0.5,40.0,0.6060606060606061,45.0,0.6923076923076923,49.0,0.7538461538461538,32.0,0.5161290322580645
2,seq_2,PKENPWATAEYDYDAAEDTEELMVEDGRQVDIIKDESPWWEVRSAGNQRGVVPSSYLELLK,0.0,0.0,0.0,0.0,0.0,0.0,seq_2,32.0,0.5161290322580645,32.0,0.5161290322580645,46.0,0.696969696969697,46.0,0.7076923076923077,47.0,0.7230769230769231,32.0,0.5161290322580645
3,seq_3,PKENPWATAEYDYDAAEKSSFSMHESDHLLYILKDEGNWWLAKLDDVQAGWLPSAYVETLKGKEG,0.0,0.0,0.0,0.0,0.0,0.0,seq_3,34.0,0.5230769230769231,34.0,0.5230769230769231,46.0,0.696969696969697,52.0,0.8,51.0,0.7846153846153846,34.0,0.5230769230769231
4,seq_4,PKENPWATAEYDYDAADDAGELSVEEGQHINIIFDHDGWWDVEAKGDVGAVGAIPVSYSNI,0.0,0.0,0.0,0.0,0.0,0.0,seq_4,29.0,0.46774193548387094,29.0,0.46774193548387094,45.0,0.6818181818181818,47.0,0.7230769230769231,48.0,0.7384615384615385,29.0,0.46774193548387094
5,seq_5,PKENPWATAEYDYDAAEDAELSFPEDVKYINIDFDDDNWWLGELDGREGLFPANYCEMNGK,0.0,0.0,0.0,0.0,0.0,0.0,seq_5,19.0,0.3064516129032258,19.0,0.3064516129032258,46.0,0.696969696969697,49.0,0.7538461538461538,44.0,0.676923076923077,19.0,0.3064516129032258
6,seq_6,PKENPWATAEYDYDAASNDEELVMEDDRVIEITKDVDEWRMAKLNGDEGNVPLNGNRELYSGP,0.0,0.0,0.0,0.0,0.0,0.0,seq_6,34.0,0.5396825396825397,34.0,0.5396825396825397,47.0,0.7121212121212122,51.0,0.7846153846153846,50.0,0.7692307692307693,34.0,0.5396825396825397
7,seq_7,PKENPWATAEYDYDAADDSSGSVTIAAQVPGIILQISGWWDGEAAGDVGYFPANYTQLQWW,0.0,0.0,0.0,0.0,0.0,0.0,seq_7,33.0,0.5409836065573771,33.0,0.5409836065573771,45.0,0.6818181818181818,51.0,0.7846153846153846,49.0,0.7538461538461538,34.0,0.5483870967741935
8,seq_8,PKENPWATAEYDYDAAEDAEYMSVETGHIINIIQDSKGWGMVEQADQHEGFVPASYIQLQED,0.0,0.0,0.0,0.0,0.0,0.0,seq_8,30.0,0.4838709677419355,30.0,0.4838709677419355,46.0,0.696969696969697,48.0,0.7384615384615385,48.0,0.7384615384615385,30.0,0.4838709677419355
9,seq_9,PKENPWATAEYDYDAAEAPQELGFPSGQIFWIYFDDDGWWEAREEQDNEGLCPANYFGLEG,0.0,0.0,0.0,0.0,0.0,0.0,seq_9,28.0,0.45161290322580644,28.0,0.45161290322580644,46.0,0.696969696969697,45.0,0.6923076923076923,45.0,0.6923076923076923,28.0,0.45161290322580644
10,seq_10,PKENPWATAEYDYDAAETVEERMTEEKLVIDVDFDRDGWWQGESATDGVRMIFLANHCSLGF,0.0,0.0,0.0,0.0,0.0,0.0,seq_10,29.0,0.46774193548387094,29.0,0.46774193548387094,49.0,0.7424242424242424,49.0,0.7538461538461538,44.0,0.676923076923077,29.0,0.46774193548387094
11,seq_11,PKENPWATAEYDYDAANNEPEMIVEDEHILDIYKQGDPLGWAQGRHDPVGYGPYPQNYLQAG,0.0,0.0,0.0,0.0,0.0,0.0,seq_11,34.0,0.5483870967741935,34.0,0.5483870967741935,49.0,0.7424242424242424,47.0,0.7230769230769231,50.0,0.7692307692307693,34.0,0.5483870967741935
12,seq_12,PKENPWATAEYDYDAASPMELSFHEGDRVKVVDREHDDWWLVEREGTGVLFPTAYGSYVQGGTG,0.0,0.0,0.0,0.0,0.0,0.0,seq_12,31.0,0.484375,31.0,0.484375,47.0,0.7121212121212122,49.0,0.7538461538461538,47.0,0.7230769230769231,31.0,0.484375
13,seq_13,PKENPWATAEYDYDAANFKEMSSIEIDKAINVEEQVRGWWLAVIASNSQVRVRTGLFPSFFVEEL,0.0,0.0,0.0,0.0,0.0,0.0,seq_13,34.0,0.5230769230769231,34.0,0.5230769230769231,51.0,0.7727272727272727,52.0,0.8,48.0,0.7384615384615385,34.0,0.5230769230769231
14,seq_14,PKENPWATAEYDYDAADDSEESLFEKDVILTITKTEGDWWDAKGDDDRGWLAANYVHLEKE,0.0,0.0,0.0,0.0,0.0,0.0,seq_14,32.0,0.5161290322580645,32.0,0.5161290322580645,42.0,0.6363636363636364,48.0,0.7384615384615385,48.0,0.7384615384615385,32.0,0.5161290322580645
15,seq_15,PKENPWATAEYDYDAAPQTEYTFMEGDQVIFVDYVHGIWIGTITCGQGVMVSNCRYSFSH,0.0,0.0,0.0,0.0,0.0,0.0,seq_15,33.0,0.532258064516129,33.0,0.532258064516129,51.0,0.7727272727272727,47.0,0.7230769230769231,47.0,0.7230769230769231,33.0,0.532258064516129
16,seq_16,PKENPWATAEYDYDAAEDEEELSISAGSPIWILMGRNGWWERALDVTNIVVLFVSNYVRLT,0.0,0.0,0.0,0.0,0.0,0.0,seq_16,31.0,0.5,30.0,0.4918032786885246,48.0,0.7272727272727273,47.0,0.7230769230769231,43.0,0.6615384615384615,31.0,0.5
17,seq_17,PKENPWATAEYDYDAAEDAMYSQWEDTSVLNVDLAEPIWWIIIKDDRGRGVAPYNYLGLFKDQTG,0.0,0.0,0.0,0.0,0.0,0.0,seq_17,38.0,0.5846153846153846,38.0,0.5846153846153846,47.0,0.7121212121212122,52.0,0.8,50.0,0.7692307692307693,38.0,0.5846153846153846
18,seq_18,PKENPWATAEYDYDAADDPSYSFIEGYRILNITRQEGNWWEGKLDDQGKWILGNAGRLLLE,0.0,0.0,0.0,0.0,0.0,0.0,seq_18,33.0,0.532258064516129,33.0,0.532258064516129,45.0,0.6818181818181818,51.0,0.7846153846153846,49.0,0.7538461538461538,33.0,0.532258064516129
19,seq_19,PKENPWATAEYDYDAANDDSWKVEERDRMTNLVRDIEPWWDKVLDADQAICVTTPGTIEWSQQDPAS,0.0,0.0,0.0,0.0,0.0,0.0,seq_19,41.0,0.6119402985074627,41.0,0.6119402985074627,49.0,0.7313432835820896,52.0,0.7761194029850746,53.0,0.7910447761194029,41.0,0.6119402985074627
20,seq_20,PKENPWATAEYDYDAADDARESVSFKTHAHDIEVDHPSGWLHAMNPEGDCGGIPSGNVTLSYH,0.0,0.0,0.0,0.0,0.0,0.0,seq_20,35.0,0.5555555555555556,35.0,0.5555555555555556,45.0,0.6818181818181818,51.0,0.7846153846153846,48.0,0.7384615384615385,35.0,0.5555555555555556
21,seq_21,PKENPWATAEYDYDAAEDTAELSVHDTKVINIILQDGWGWVILADGDQGWVPAAYCLLTAS,0.0,0.0,0.0,0.0,0.0,0.0,seq_21,30.0,0.4838709677419355,30.0,0.4838709677419355,47.0,0.7121212121212122,48.0,0.7384615384615385,49.0,0.7538461538461538,30.0,0.4838709677419355
22,seq_22,PKENPWATAEYDYDAADDAHELMLEKGEIITITKESNGWWEGVTAMKGKHPFTPPTYVERKG,0.0,0.0,0.0,0.0,0.0,0.0,seq_22,32.0,0.5161290322580645,31.0,0.5,46.0,0.696969696969697,50.0,0.7692307692307693,46.0,0.7076923076923077,32.0,0.5161290322580645
23,seq_23,PKENPWATAEYDYDAAEDAELTIVEDRRVLNIEKDDGPWWEVAQDGDHGFVPANYGLLLS,0.0,0.0,0.0,0.0,0.0,0.0,seq_23,25.0,0.4032258064516129,25.0,0.4032258064516129,47.0,0.7121212121212122,45.0,0.6923076923076923,46.0,0.7076923076923077,25.0,0.4032258064516129
24,seq_24,PKENPWATAEYDYDAASDDSMTLQEDQRVVWLEGDDGWWAGTNGDSHGKMGLFPADYLKLE,0.0,0.0,0.0,0.0,0.0,0.0,seq_24,31.0,0.5,31.0,0.5,49.0,0.7424242424242424,49.0,0.7538461538461538,45.0,0.6923076923076923,31.0,0.5
25,seq_25,PKENPWATAEYDYDAASAMELSISEGDRIHVVTRDGPIWWISKSHGTQGAFGLAYYLYVEEAADA,0.0,0.0,0.0,0.0,0.0,0.0,seq_25,37.0,0.5692307692307692,37.0,0.5692307692307692,50.0,0.7575757575757576,52.0,0.8,51.0,0.7846153846153846,37.0,0.5692307692307692
26,seq_26,PKENPWATAEYDYDAADDAEYSLPEDDRVYTVKVQDGGWWLGEAHDGQEGWFPAQYVTESDGWDG,0.0,0.0,0.0,0.0,0.0,0.0,seq_26,31.0,0.47692307692307695,31.0,0.47692307692307695,44.0,0.6666666666666666,53.0,0.8153846153846154,49.0,0.7538461538461538,31.0,0.47692307692307695
27,seq_27,PKENPWATAEYDYDAAEHTFETLDPIDHTFTLKDDEPGWALVVEEDGDGGLVPTNYQTLYSGQGS,0.0,0.0,0.0,0.0,0.0,0.0,seq_27,34.0,0.5230769230769231,34.0,0.5230769230769231,49.0,0.7424242424242424,50.0,0.7692307692307693,51.0,0.7846153846153846,34.0,0.5230769230769231
28,seq_28,PKENPWATAEYDYDAAEDDELTTVEDDLYITVLKGDEHWWLIELRGSQEHVLALYAATASV,0.0,0.0,0.0,0.0,0.0,0.0,seq_28,29.0,0.46774193548387094,29.0,0.46774193548387094,52.0,0.7878787878787878,51.0,0.7846153846153846,49.0,0.7538461538461538,29.0,0.46774193548387094
29,seq_29,PKENPWATAEYDYDAANDLELTIDENDRVKHVKFDDNDWWIVEQTGDKSRFPQNYVCPQIE,0.0,0.0,0.0,0.0,0.0,0.0,seq_29,27.0,0.43548387096774194,27.0,0.43548387096774194,48.0,0.7272727272727273,50.0,0.7692307692307693,50.0,0.7692307692307693,27.0,0.43548387096774194
30,seq_30,PKENPWATAEYDYDAAGDAEVSIREEDRMWNIDKGIDEWWLKDDDGREKFVVAAYALLISS,0.0,0.0,0.0,0.0,0.0,0.0,seq_30,33.0,0.532258064516129,33.0,0.532258064516129,50.0,0.7575757575757576,53.0,0.8153846153846154,48.0,0.7384615384615385,33.0,0.532258064516129
31,seq_31,PKENPWATAEYDYDAANHDEESITEVKRSFVVVDGRDVWSLAQQDTADTGVVTLYYSKWYD,0.0,0.0,0.0,0.0,0.0,0.0,seq_31,38.0,0.6129032258064516,38.0,0.6129032258064516,49.0,0.7424242424242424,47.0,0.7230769230769231,49.0,0.7538461538461538,38.0,0.6129032258064516
32,seq_32,PKENPWATAEYDYDAANDQEHTFKEDDLIVPVIFDPKDNWLAVLKTDTQRGGLFPEDYTEGVGEFEQ,0.0,0.0,0.0,0.0,0.0,0.0,seq_32,32.0,0.47761194029850745,32.0,0.47761194029850745,51.0,0.7611940298507462,49.0,0.7313432835820896,50.0,0.746268656716418,32.0,0.47761194029850745
33,seq_33,PKENPWATAEYDYDAADDTPEGLTEKTRILIIIFSHGGWCLQALNWRQEYVGTRPWVYLYNFQGKVR,0.0,0.0,0.0,0.0,0.0,0.0,seq_33,38.0,0.5671641791044776,38.0,0.5671641791044776,48.0,0.7164179104477612,50.0,0.746268656716418,51.0,0.7611940298507462,38.0,0.5671641791044776
34,seq_34,PKENPWATAEYDYDAAEDMAEGPFEICKVLNVEKLIGTWLETEVQDNGVGPEYTQGNTSLG,0.0,0.0,0.0,0.0,0.0,0.0,seq_34,32.0,0.5161290322580645,32.0,0.5161290322580645,46.0,0.696969696969697,49.0,0.7538461538461538,51.0,0.7846153846153846,32.0,0.5161290322580645
35,seq_35,PKENPWATAEYDYDAAEKTEISLAEGDLIININFLEEGWWLGRTDWSKEGLFPQTYVESLPAPEK,0.0,0.0,0.0,0.0,0.0,0.0,seq_35,27.0,0.4153846153846154,27.0,0.4153846153846154,46.0,0.696969696969697,52.0,0.8,49.0,0.7538461538461538,27.0,0.4153846153846154
36,seq_36,PKENPWATAEYDYDAADDDEESFLEAGRITDITRDTGSWWMGAAAPDRGLVPLNYLEFYLR,0.0,0.0,0.0,0.0,0.0,0.0,seq_36,32.0,0.5161290322580645,30.0,0.4918032786885246,44.0,0.6666666666666666,49.0,0.7538461538461538,45.0,0.6923076923076923,32.0,0.5161290322580645
37,seq_37,PKENPWATAEYDYDAAEDFEQMVTEAGAVLDLEKDIGNGWEDIVDGAQGKGGLDPTNYLTKGSD,0.0,0.0,0.0,0.0,0.0,0.0,seq_37,34.0,0.53125,34.0,0.53125,48.0,0.7272727272727273,48.0,0.7384615384615385,50.0,0.7692307692307693,34.0,0.53125
38,seq_38,PKENPWATAEYDYDAADDSEYSCTEIVMVLDIGMVVEWWEGIVADHNTGYVPRTHTKELNY,0.0,0.0,0.0,0.0,0.0,0.0,seq_38,35.0,0.5645161290322581,33.0,0.5409836065573771,47.0,0.7121212121212122,51.0,0.7846153846153846,49.0,0.7538461538461538,35.0,0.5645161290322581
39,seq_39,PKENPWATAEYDYDAAGDSEYSLTEKDEYIELVKLVNDWQLADNNEWEGAVPRTYGEIFSSFD,0.0,0.0,0.0,0.0,0.0,0.0,seq_39,36.0,0.5714285714285714,36.0,0.5714285714285714,48.0,0.7272727272727273,51.0,0.7846153846153846,51.0,0.7846153846153846,36.0,0.5714285714285714
40,seq_40,PKENPWATAEYDYDAANDTEELVAEAEQVTDIVDDLDNWIEGMDDGNKRFGFFIGNRTNICGDQAA,0.0,0.0,0.0,0.0,0.0,0.0,seq_40,36.0,0.5454545454545454,36.0,0.5454545454545454,51.0,0.7727272727272727,52.0,0.7878787878787878,50.0,0.7575757575757576,36.0,0.5454545454545454
41,seq_41,PKENPWATAEYDYDAADDTPELIVEAGDPMWVVKKHNGWWLHVLAQDPRLVGARPITVLSV,0.0,0.0,0.0,0.0,0.0,0.0,seq_41,34.0,0.5483870967741935,34.0,0.5483870967741935,50.0,0.7575757575757576,46.0,0.7076923076923077,47.0,0.7230769230769231,34.0,0.5483870967741935
42,seq_42,PKENPWATAEYDYDAAEDTMELSPEVEDSINVQLEEGSGWLKALMGDNSAGGLPYSNTSIIDDDGL,0.0,0.0,0.0,0.0,0.0,0.0,seq_42,33.0,0.5,33.0,0.5,46.0,0.696969696969697,51.0,0.7727272727272727,52.0,0.7878787878787878,33.0,0.5
43,seq_43,PKENPWATAEYDYDAANPTEETMYEGERAVVVKRLHDGWQLVEEEGNNVGLVRLGYVEANFV,0.0,0.0,0.0,0.0,0.0,0.0,seq_43,35.0,0.5645161290322581,35.0,0.5645161290322581,52.0,0.7878787878787878,48.0,0.7384615384615385,49.0,0.7538461538461538,35.0,0.5645161290322581
44,seq_44,PKENPWATAEYDYDAADDVEDMLPEGDHVWDIILLEDDWWYGVCHGRQSLFPSNYTCLIPG,0.0,0.0,0.0,0.0,0.0,0.0,seq_44,29.0,0.46774193548387094,29.0,0.46774193548387094,45.0,0.6818181818181818,50.0,0.7692307692307693,47.0,0.7230769230769231,29.0,0.46774193548387094
45,seq_45,PKENPWATAEYDYDAAEDAQDTSLEAELRNNVIKRVAIWWLSELKDDEVTQSANYAHGSIWGQD,0.0,0.0,0.0,0.0,0.0,0.0,seq_45,33.0,0.515625,33.0,0.515625,49.0,0.7424242424242424,52.0,0.8,52.0,0.8,33.0,0.515625
46,seq_46,PKENPWATAEYDYDAATDQSEYSIEAERIVNILQDASGWWEVTQLRNGVGPAYTAELVVSSG,0.0,0.0,0.0,0.0,0.0,0.0,seq_46,36.0,0.5806451612903226,36.0,0.5806451612903226,47.0,0.7121212121212122,53.0,0.8153846153846154,48.0,0.7384615384615385,36.0,0.5806451612903226
47,seq_47,PKENPWATAEYDYDAAEDDELEFSEGQTIVNVEFADGWWWFRKLAGRQGGVPTNYYALTQ,0.0,0.0,0.0,0.0,0.0,0.0,seq_47,26.0,0.41935483870967744,26.0,0.41935483870967744,43.0,0.6515151515151515,44.0,0.676923076923077,43.0,0.6615384615384615,26.0,0.41935483870967744
48,seq_48,PKENPWATAEYDYDAAEDFENNMMEDSKVWEVERDIGNCWEANQKGQESIGYTSYNQNNAV,0.0,0.0,0.0,0.0,0.0,0.0,seq_48,36.0,0.5806451612903226,36.0,0.5806451612903226,49.0,0.7424242424242424,45.0,0.6923076923076923,51.0,0.7846153846153846,36.0,0.5806451612903226
49,seq_49,PKENPWATAEYDYDAAEPDEISFMERERVTWIERDTGWWIQIVADGAEGWFPANYLELLDE,0.0,0.0,0.0,0.0,0.0,0.0,seq_49,30.0,0.4838709677419355,29.0,0.46774193548387094,42.0,0.6363636363636364,47.0,0.7230769230769231,45.0,0.6923076923076923,30.0,0.4838709677419355
50,seq_50,PKENPWATAEYDYDAAEDDSNVIPEAGEQINIIEDIEWWWVTNLTGAQGLVPSTYLKD,0.0,0.0,0.0,0.0,0.0,0.0,seq_50,30.0,0.4838709677419355,30.0,0.4838709677419355,43.0,0.6515151515151515,47.0,0.7230769230769231,46.0,0.7076923076923077,30.0,0.4838709677419355
51,seq_51,PKENPWATAEYDYDAAEDSEELMVAECRIWVVIKDDQGWWEAEWANGKTGVVPSNYLSLVEE,0.0,0.0,0.0,0.0,0.0,0.0,seq_51,30.0,0.4838709677419355,28.0,0.45161290322580644,40.0,0.6060606060606061,43.0,0.6615384615384615,44.0,0.676923076923077,30.0,0.4838709677419355
52,seq_52,PKENPWATAEYDYDAAEQDQEELTVYEEAVTILYDDDDWLMVNLARGEGGFVPSNNMRKGKG,0.0,0.0,0.0,0.0,0.0,0.0,seq_52,31.0,0.5,31.0,0.5,47.0,0.7121212121212122,48.0,0.7384615384615385,44.0,0.676923076923077,31.0,0.5
53,seq_53,PKENPWATAEYDYDAADDPEMTLTKKDRALTIRRTDPSGWLQVQHNHVECGGIAGAYVKIE,0.0,0.0,0.0,0.0,0.0,0.0,seq_53,35.0,0.5645161290322581,35.0,0.5645161290322581,49.0,0.7424242424242424,49.0,0.7538461538461538,49.0,0.7538461538461538,35.0,0.5645161290322581
54,seq_54,PKENPWATAEYDYDAAEDDDETSMEVKDYVNVLFEWLEGWLEGLTLDSNAEGLVPASYLNKV,0.0,0.0,0.0,0.0,0.0,0.0,seq_54,33.0,0.532258064516129,32.0,0.5161290322580645,49.0,0.7424242424242424,49.0,0.7538461538461538,48.0,0.7384615384615385,33.0,0.532258064516129
55,seq_55,PKENPWATAEYDYDAAEQDELRFREGDRVKDVSRDADSWWEVKQNPAEEIVENDNGSFLDKSSPGVAVDTA,0.0,0.0,0.0,0.0,0.0,0.0,seq_55,39.0,0.5492957746478874,39.0,0.5492957746478874,55.0,0.7746478873239436,54.0,0.7605633802816901,52.0,0.7323943661971831,39.0,0.5492957746478874
56,seq_56,PKENPWATAEYDYDAAEDDSITPAEDSKVLNIDKLADGWWLVQHNSDHEGLVPASYLELPIDLNP,0.0,0.0,0.0,0.0,0.0,0.0,seq_56,32.0,0.49230769230769234,32.0,0.49230769230769234,48.0,0.7272727272727273,53.0,0.8153846153846154,50.0,0.7692307692307693,32.0,0.49230769230769234
57,seq_57,PKENPWATAEYDYDAATGMNEPFIEVDKVFVVYRDIPGWQLAKLRRHGGVIGYTRGSVLHDRNAVPRVGVEVDSSPPA,0.0,0.0,0.0,0.0,0.0,0.0,seq_57,48.0,0.6153846153846154,48.0,0.6153846153846154,57.0,0.7307692307692307,61.0,0.782051282051282,59.0,0.7564102564102564,48.0,0.6153846153846154
58,seq_58,PKENPWATAEYDYDAAEANEEKFLEGERIFDVEKIGDGWWEGERNGAQSKVNFAQGSESALD,0.0,0.0,0.0,0.0,0.0,0.0,seq_58,30.0,0.4838709677419355,30.0,0.4838709677419355,47.0,0.7121212121212122,51.0,0.7846153846153846,45.0,0.6923076923076923,30.0,0.4838709677419355
59,seq_59,PKENPWATAEYDYDAATAPEELSYRAEHIIQILRTPDEWWLGEDEAWGRTLNGYVGSVLLSPC,0.0,0.0,0.0,0.0,0.0,0.0,seq_59,33.0,0.5238095238095238,33.0,0.5238095238095238,49.0,0.7424242424242424,50.0,0.7692307692307693,43.0,0.6615384615384615,33.0,0.5238095238095238
60,seq_60,PKENPWATAEYDYDAASDDPETIAEKSNYVTVIVRDEGWCLVQHRDQEGGFPGTYVTELFK,0.0,0.0,0.0,0.0,0.0,0.0,seq_60,34.0,0.5483870967741935,34.0,0.5483870967741935,47.0,0.7121212121212122,49.0,0.7538461538461538,46.0,0.7076923076923077,34.0,0.5483870967741935
61,seq_61,PKENPWATAEYDYDAAEDSNEALVEATRVRWLVRLRDGWWMGELAGDRVELNPDAGWSSLDP,0.0,0.0,0.0,0.0,0.0,0.0,seq_61,31.0,0.5,31.0,0.5,50.0,0.7575757575757576,52.0,0.8,48.0,0.7384615384615385,31.0,0.5
62,seq_62,PKENPWATAEYDYDAADDAEESITEIERVVILDDFRDDWWVGEVTGVFGLFPANYTSLITL,0.0,0.0,0.0,0.0,0.0,0.0,seq_62,28.0,0.45161290322580644,28.0,0.45161290322580644,44.0,0.6666666666666666,50.0,0.7692307692307693,48.0,0.7384615384615385,28.0,0.45161290322580644
63,seq_63,PKENPWATAEYDYDAADDTEELSVEAGQVINILKENGDWWLVELADHQGLVPASYISLLNV,0.0,0.0,0.0,0.0,0.0,0.0,seq_63,26.0,0.41935483870967744,26.0,0.41935483870967744,46.0,0.696969696969697,48.0,0.7384615384615385,46.0,0.7076923076923077,26.0,0.41935483870967744
64,seq_64,PKENPWATAEYDYDAAEHMSFEIAPAEEVLNIGQEDGGWWMGVLEDGNVTLLTNAYNKLYEG,0.0,0.0,0.0,0.0,0.0,0.0,seq_64,33.0,0.532258064516129,33.0,0.532258064516129,49.0,0.7424242424242424,50.0,0.7692307692307693,49.0,0.7538461538461538,33.0,0.532258064516129
65,seq_65,PKENPWATAEYDYDAAEDDEESMKEGEHVTVLDRRDTPWWLAKCEGDKVGVCANYYTKKIG,0.0,0.0,0.0,0.0,0.0,0.0,seq_65,34.0,0.5483870967741935,34.0,0.5483870967741935,47.0,0.7121212121212122,47.0,0.7230769230769231,49.0,0.7538461538461538,34.0,0.5483870967741935
66,seq_66,PKENPWATAEYDYDAATDDEEGMPERKHDLVYIFTQPDRVWDGEQWDPQIFGYCGTIYSA,0.0,0.0,0.0,0.0,0.0,0.0,seq_66,36.0,0.5806451612903226,36.0,0.5806451612903226,49.0,0.7424242424242424,50.0,0.7692307692307693,50.0,0.7692307692307693,36.0,0.5806451612903226
67,seq_67,PKENPWATAEYDYDAAEDGENRLFEADPVTHLIKQVGNWRGIAARHQGGWFETDYAKVHLLP,0.0,0.0,0.0,0.0,0.0,0.0,seq_67,35.0,0.5645161290322581,35.0,0.5645161290322581,50.0,0.7575757575757576,51.0,0.7846153846153846,47.0,0.7230769230769231,35.0,0.5645161290322581
68,seq_68,PKENPWATAEYDYDAATDASEGFTEDCRDNNYVKIIWNTEIGEGQMDWVVVGHCRGFHASGY,0.0,0.0,0.0,0.0,0.0,0.0,seq_68,36.0,0.5806451612903226,36.0,0.5806451612903226,52.0,0.7878787878787878,53.0,0.8153846153846154,51.0,0.7846153846153846,36.0,0.5806451612903226
69,seq_69,PKENPWATAEYDYDAATDTEERVAEGERAVSVIFDIDEWWMVVSQKDGIGGGIAANHVSG,0.0,0.0,0.0,0.0,0.0,0.0,seq_69,31.0,0.5,31.0,0.5,48.0,0.7272727272727273,48.0,0.7384615384615385,47.0,0.7230769230769231,31.0,0.5
70,seq_70,PKENPWATAEYDYDAAEDDEMTILEGDTVVTVEFDADWWAEGHDAGRREGLVPRSHVTVLEGLNE,0.0,0.0,0.0,0.0,0.0,0.0,seq_70,30.0,0.46153846153846156,30.0,0.46153846153846156,48.0,0.7272727272727273,49.0,0.7538461538461538,45.0,0.6923076923076923,30.0,0.46153846153846156
71,seq_71,PKENPWATAEYDYDAASQHANTSSETTMVVSIIQPVDGWAHIEVDTDDKRMGGIPSHYLLGINEASPV,0.0,0.0,0.0,0.0,0.0,0.0,seq_71,39.0,0.5735294117647058,39.0,0.5735294117647058,52.0,0.7647058823529411,54.0,0.7941176470588235,51.0,0.75,39.0,0.5735294117647058
72,seq_72,PKENPWATAEYDYDAAEEDEMSIAEMEEVSNIHFDEDGWWLVKLEGSSIGVVPANYWASNCD,0.0,0.0,0.0,0.0,0.0,0.0,seq_72,29.0,0.46774193548387094,29.0,0.46774193548387094,49.0,0.7424242424242424,48.0,0.7384615384615385,47.0,0.7230769230769231,29.0,0.46774193548387094
73,seq_73,PKENPWATAEYDYDAADDTSESVAETGEPLNVLQDRNGWWLIVVASQQGIVPTNYLHVLLP,0.0,0.0,0.0,0.0,0.0,0.0,seq_73,35.0,0.5737704918032787,34.0,0.5573770491803278,43.0,0.6515151515151515,44.0,0.676923076923077,48.0,0.7384615384615385,36.0,0.5806451612903226
74,seq_74,PKENPWATAEYDYDAAEDHELSIREVDKVTFVDKDVENWWMVKTDGFPGLVPANYLELV,0.0,0.0,0.0,0.0,0.0,0.0,seq_74,27.0,0.43548387096774194,27.0,0.43548387096774194,47.0,0.7121212121212122,44.0,0.676923076923077,48.0,0.7384615384615385,27.0,0.43548387096774194
75,seq_75,PKENPWATAEYDYDAADDHPELLFKAGDILWIIQRNNGWWDAAVHPDQGWFGLVPGAYYAE,0.0,0.0,0.0,0.0,0.0,0.0,seq_75,33.0,0.532258064516129,32.0,0.5245901639344263,48.0,0.7272727272727273,44.0,0.676923076923077,48.0,0.7384615384615385,33.0,0.532258064516129
76,seq_76,PKENPWATAEYDYDAAEDDTEGQLEDDRAIVLLRDHIGWLLVKLDNDCSGLAYTNYSVLYK,0.0,0.0,0.0,0.0,0.0,0.0,seq_76,31.0,0.5,31.0,0.5,48.0,0.7272727272727273,48.0,0.7384615384615385,49.0,0.7538461538461538,31.0,0.5
77,seq_77,PKENPWATAEYDYDAAEDAEITANETDQIVNIEQDDTDWWLIVSDSSRKGWLPIAYLEELESDGA,0.0,0.0,0.0,0.0,0.0,0.0,seq_77,28.0,0.4307692307692308,28.0,0.4307692307692308,48.0,0.7272727272727273,53.0,0.8153846153846154,51.0,0.7846153846153846,28.0,0.4307692307692308
78,seq_78,PKENPWATAEYDYDAASSLEMSIGEGCQVSNVKDELGPWWEMERTGKKGVFPSDYVESAPSDGV,0.0,0.0,0.0,0.0,0.0,0.0,seq_78,33.0,0.515625,33.0,0.515625,46.0,0.696969696969697,51.0,0.7846153846153846,51.0,0.7846153846153846,33.0,0.515625
79,seq_79,PKENPWATAEYDYDAAEDQELTLVEGDHIFVVRRREESWWLVKANGRTGLVPSAYLECSSCDAD,0.0,0.0,0.0,0.0,0.0,0.0,seq_79,31.0,0.484375,31.0,0.484375,45.0,0.6818181818181818,46.0,0.7076923076923077,51.0,0.7846153846153846,31.0,0.484375
80,seq_80,PKENPWATAEYDYDAADDTEELSFEEGVIDNLVDPADNWWLRQGNWDQGLVGATPSEYLRKC,0.0,0.0,0.0,0.0,0.0,0.0,seq_80,31.0,0.5,31.0,0.5,45.0,0.6818181818181818,43.0,0.6615384615384615,46.0,0.7076923076923077,31.0,0.5
81,seq_81,PKENPWATAEYDYDAADDNELSFAEGDRIWTIVFVDDDWWLGELAGNQQGLFPASYVEPLAD,0.0,0.0,0.0,0.0,0.0,0.0,seq_81,20.0,0.3225806451612903,20.0,0.3225806451612903,46.0,0.696969696969697,50.0,0.7692307692307693,43.0,0.6615384615384615,20.0,0.3225806451612903
82,seq_82,PKENPWATAEYDYDAAPDDEMTLAEGDRVVVIEKDDDWWAGEAADGQRGVVPSNYCALE,0.0,0.0,0.0,0.0,0.0,0.0,seq_82,24.0,0.3870967741935484,24.0,0.3870967741935484,44.0,0.6666666666666666,41.0,0.6307692307692307,41.0,0.6307692307692307,24.0,0.3870967741935484
83,seq_83,PKENPWATAEYDYDAAEDAQQTIVEDERVLDVYKQNGIWWLVQTDNDSIGGVAASNYCTLED,0.0,0.0,0.0,0.0,0.0,0.0,seq_83,32.0,0.5161290322580645,32.0,0.5161290322580645,46.0,0.696969696969697,47.0,0.7230769230769231,49.0,0.7538461538461538,32.0,0.5161290322580645
84,seq_84,PKENPWATAEYDYDAAEDLPMTAMEAQLVWNIIFGHGSWQGGLAEGREGLFPANYITLLSG,0.0,0.0,0.0,0.0,0.0,0.0,seq_84,29.0,0.46774193548387094,29.0,0.46774193548387094,47.0,0.7121212121212122,50.0,0.7692307692307693,46.0,0.7076923076923077,29.0,0.46774193548387094
85,seq_85,PKENPWATAEYDYDAASDDEFSITEGDRITNVKKDDNGWWMGNLADGQSGLFPASYVEFICGDEP,0.0,0.0,0.0,0.0,0.0,0.0,seq_85,30.0,0.46153846153846156,27.0,0.4153846153846154,42.0,0.6363636363636364,50.0,0.7692307692307693,47.0,0.7230769230769231,30.0,0.46153846153846156
86,seq_86,PKENPWATAEYDYDAADDAEHAITEVDQTIDIIFDIPVQIEGLEKSSQGLFPAAYVKVQAF,0.0,0.0,0.0,0.0,0.0,0.0,seq_86,29.0,0.46774193548387094,29.0,0.46774193548387094,50.0,0.7575757575757576,53.0,0.8153846153846154,48.0,0.7384615384615385,29.0,0.46774193548387094
87,seq_87,PKENPWATAEYDYDAAEEHEFTKVEEFEVINLELDADVWWSGRVDGVHGGFPPSYYEFLPKGQD,0.0,0.0,0.0,0.0,0.0,0.0,seq_87,29.0,0.453125,29.0,0.453125,48.0,0.7272727272727273,50.0,0.7692307692307693,50.0,0.7692307692307693,29.0,0.453125
88,seq_88,PKENPWATAEYDYDAAEETELSLREVDKVTWVKEDEGGWSLAVNETRNEGIVPKTYLFIHKHPPL,0.0,0.0,0.0,0.0,0.0,0.0,seq_88,37.0,0.5692307692307692,37.0,0.5692307692307692,48.0,0.7272727272727273,51.0,0.7846153846153846,49.0,0.7538461538461538,37.0,0.5692307692307692
89,seq_89,PKENPWATAEYDYDAAPQDEAMILEPDRVLSIERGTDNGWLRGEAPNGYGLFPSNYVESLKT,0.0,0.0,0.0,0.0,0.0,0.0,seq_89,27.0,0.43548387096774194,27.0,0.43548387096774194,46.0,0.696969696969697,51.0,0.7846153846153846,45.0,0.6923076923076923,27.0,0.43548387096774194
90,seq_90,PKENPWATAEYDYDAAESFELTVRENDKVVFLDRQIEPWWLANFEAGDEHLFPTAYTSSHPGH,0.0,0.0,0.0,0.0,0.0,0.0,seq_90,29.0,0.4603174603174603,29.0,0.4603174603174603,49.0,0.7424242424242424,50.0,0.7692307692307693,51.0,0.7846153846153846,29.0,0.4603174603174603
91,seq_91,PKENPWATAEYDYDAASHDELSIREGDRILVVREDEDGWWMAENNGKVVLVGLASYLYLSEQ,0.0,0.0,0.0,0.0,0.0,0.0,seq_91,33.0,0.532258064516129,32.0,0.5161290322580645,46.0,0.696969696969697,49.0,0.7538461538461538,48.0,0.7384615384615385,33.0,0.532258064516129
92,seq_92,PKENPWATAEYDYDAATDYECSMTEADRVVVIEKVELGWWLVVNASDGVAGLTPASYLEPSG,0.0,0.0,0.0,0.0,0.0,0.0,seq_92,30.0,0.4838709677419355,30.0,0.4838709677419355,47.0,0.7121212121212122,51.0,0.7846153846153846,49.0,0.7538461538461538,30.0,0.4838709677419355
93,seq_93,PKENPWATAEYDYDAAEQPELSFPEGDHIVVLEFDEDDWWLGHLTRSTGLFPCDYVRLSQGG,0.0,0.0,0.0,0.0,0.0,0.0,seq_93,23.0,0.3709677419354839,23.0,0.3709677419354839,46.0,0.696969696969697,49.0,0.7538461538461538,44.0,0.676923076923077,23.0,0.3709677419354839
94,seq_94,PKENPWATAEYDYDAADDASDLSFEAGDTFHVISRHGDWWETKADGKPGFVPANYMALAN,0.0,0.0,0.0,0.0,0.0,0.0,seq_94,30.0,0.4838709677419355,29.0,0.48333333333333334,43.0,0.6515151515151515,41.0,0.6307692307692307,46.0,0.7076923076923077,30.0,0.4838709677419355
95,seq_95,PKENPWATAEYDYDAADDAYEPLSEKCDIVVVLLPRTVDLEAEGNWNKESVEFDKGWTQL,0.0,0.0,0.0,0.0,0.0,0.0,seq_95,38.0,0.6333333333333333,38.0,0.6333333333333333,47.0,0.7121212121212122,51.0,0.7846153846153846,51.0,0.7846153846153846,39.0,0.6290322580645161
96,seq_96,PKENPWATAEYDYDAASDPNEMSIESNQDLTIIKGEEGWWLSKKDNDPVGWLPIANLLLEDS,0.0,0.0,0.0,0.0,0.0,0.0,seq_96,35.0,0.5645161290322581,35.0,0.5645161290322581,46.0,0.696969696969697,51.0,0.7846153846153846,53.0,0.8153846153846154,35.0,0.5645161290322581
97,seq_97,PKENPWATAEYDYDAAEDHCMTVREGDRVDWVYRDEGGWSLAILQPRAEGIGLYPATGLQSG,0.0,0.0,0.0,0.0,0.0,0.0,seq_97,35.0,0.5645161290322581,35.0,0.5645161290322581,49.0,0.7424242424242424,47.0,0.7230769230769231,48.0,0.7384615384615385,35.0,0.5645161290322581
98,seq_98,PKENPWATAEYDYDAAEAAELSILEGDEVVNISKDEPSDWMVATRDSKGLMGLAPNNYSQ,0.0,0.0,0.0,0.0,0.0,0.0,seq_98,31.0,0.5,31.0,0.5,47.0,0.7121212121212122,46.0,0.7076923076923077,49.0,0.7538461538461538,31.0,0.5
99,seq_99,PKENPWATAEYDYDAAEDSSELSFEADRPINIVQLINHWWDGALRGELMGWCALNYVTVIEG,0.0,0.0,0.0,0.0,0.0,0.0,seq_99,30.0,0.4838709677419355,30.0,0.4838709677419355,43.0,0.6515151515151515,48.0,0.7384615384615385,48.0,0.7384615384615385,30.0,0.4838709677419355
