train_L,train_nll,train_kld,train_mmd,train_pheno,train_MSE,train_pearson,train_spearman,val_L,val_nll,val_kld,val_mmd,val_pheno,val_MSE,val_pearson,val_spearman
,,,,,,,,4.986044406890869,3.068689465522766,0.1265641674399376,0.10971128940582275,0.8193993866443634,0.8193993603703505,0.008510067575297398,0.013924717875784837
4.351213773091634,3.0645201206207275,1.0546048482259114,0.05085766315460205,0.7279297510782877,0.7321507017914025,0.05511244812360443,0.055996172509936215,4.652062296867371,3.04911071062088,0.12529811635613441,0.1090444028377533,0.5116947777569294,0.5837140149691616,-0.002946969149771727,0.0010671088392973883
4.099759419759114,3.0457417964935303,1.5208760499954224,0.01807745297749837,0.7981032729148865,0.8060313904289884,0.05880990118934965,0.04874784056015414,4.592371582984924,3.031089186668396,0.12420562282204628,0.10548323392868042,0.5055138915777206,0.5775260712868662,0.020746160681660034,0.025241796350761996
3.9862306118011475,3.025974988937378,1.6957828998565674,0.014002601305643717,0.7361405889193217,0.7624238935837797,0.026808545694604596,0.021448693025472306,4.71304976940155,3.013827085494995,0.12298263423144817,0.1201334297657013,0.49774594232439995,0.5699079356346695,0.03413116369757857,0.022484022204619366
3.9660210609436035,3.010082165400187,1.907169222831726,0.014329632123311361,0.7180005113283793,0.716208188659738,0.05160240970467028,0.06595441852304981,4.615233421325684,2.997057557106018,0.12170210108160973,0.1121019721031189,0.49667609855532646,0.5686814302589673,0.012193748671805154,0.03170914025177781
3.857182502746582,2.9922256469726562,2.1435724894205728,0.007235209147135417,0.6857878764470419,0.6839108230442551,0.07240241461561345,0.07310225420993449,4.553822875022888,2.9802252650260925,0.12093912437558174,0.10776028037071228,0.4953358732163906,0.5688567137700989,-0.05382162417934158,-0.054096841934473984
3.8263638814290366,2.9757853349049888,2.183324178059896,0.009047706921895346,0.651387631893158,0.6777621759168441,0.04796778896376177,0.05342305230447698,4.60037362575531,2.9630396366119385,0.12074151262640953,0.11489254236221313,0.48811615258455276,0.5585570873511789,0.057533196075904375,0.04477119301941133
3.780064503351847,2.9584157466888428,2.277536471684774,0.006913900375366211,0.6389784812927246,0.6561904932041546,0.11591472193020486,0.11103966623187296,4.417194128036499,2.9451869130134583,0.1232983935624361,0.09840044379234314,0.48675791546702385,0.5561587349222432,0.01698980778486916,-0.007882686187166513
3.7687525749206543,2.9396910667419434,2.183382511138916,0.007155299186706543,0.6486971577008566,0.6555944725008337,0.045560779577156756,0.04315260871405294,4.4019312262535095,2.926847994327545,0.12889009714126587,0.09882912039756775,0.48528899252414703,0.5565593848660332,0.052380474631788604,0.04268571007900645
3.7081920305887857,2.923048734664917,2.157106320063273,0.00522768497467041,0.625272532304128,0.6199303107235916,0.1270248340345504,0.1299926376013908,4.308969855308533,2.907824695110321,0.13903909921646118,0.09104794263839722,0.4882662296295166,0.5565122824270919,0.04954894440889221,0.016791840044885174
3.6951869328816733,2.901271343231201,2.0898678302764893,0.006082614262898763,0.6289002100626627,0.6225038725658526,0.058963933732449215,0.05204629716968783,4.312506794929504,2.888348400592804,0.15459980443120003,0.09343454241752625,0.48675481230020523,0.5565199827301264,0.04748079690951566,0.024332336333474255
3.6713688373565674,2.8848276138305664,2.0908327102661133,0.005855838457743327,0.6237339576085409,0.6138811691146797,0.08667469732692178,0.10118268169218324,4.319344520568848,2.8690764904022217,0.18021957948803902,0.09608995914459229,0.4851621203124523,0.5526937317917807,0.08416193878809296,0.06180599979718311
3.6381161212921143,2.8650840123494468,2.0577821731567383,0.007357239723205566,0.596938411394755,0.6233816985661702,0.025905105718680113,0.02848853421805038,4.18178653717041,2.85053288936615,0.21421563997864723,0.08407983183860779,0.4839485101401806,0.552038610837364,0.11736900523305396,0.08607700341080847
3.606552521387736,2.8493518034617105,2.0096518993377686,0.0033463239669799805,0.6234222451845804,0.6176530958769643,0.08445773534322504,0.0810106467788774,4.140237510204315,2.8337535858154297,0.26196616142988205,0.08072793483734131,0.4901426434516907,0.5576454481451507,0.15029328809194803,0.1293227811583824
3.5758188565572104,2.8365211486816406,1.9880420764287312,0.0058280229568481445,0.581906775633494,0.593042124925752,0.08956282373756119,0.1018223394698057,4.009274125099182,2.8189278841018677,0.3253054767847061,0.06921064853668213,0.48543503135442734,0.5538859609731627,0.17948552639065377,0.1336409691124461
3.541837294896444,2.821211894353231,2.0078173875808716,0.0064936478932698565,0.5556227465470632,0.57933051622384,0.13466800283546165,0.1340412791633462,3.8625089526176453,2.805687189102173,0.40652649104595184,0.05508926510810852,0.4883572570979595,0.5529307556907123,0.1841294140412098,0.16643849893034282
3.525127331415812,2.8055031299591064,2.0848635037740073,0.0051308075586954755,0.5643293857574463,0.5681258603954289,0.14816454020987846,0.14606977314466313,3.852833867073059,2.79188072681427,0.5223720222711563,0.0557921826839447,0.47970229014754295,0.5430620233436789,0.22796467674165277,0.1961032230838173
3.509410301844279,2.793299436569214,2.094832102457682,0.003754138946533203,0.5740156173706055,0.5783305886376731,0.09114922882955245,0.08544292913355041,3.757435619831085,2.775607645511627,0.6589841246604919,0.04775595664978027,0.4737069793045521,0.5374753870867566,0.22246774089411758,0.18741924311592775
3.5147709051767984,2.774070660273234,2.158897876739502,0.006103634834289551,0.5720241864522299,0.540486602030751,0.1605476542962344,0.15090155777546738,3.684749960899353,2.758072793483734,0.7963888645172119,0.04281795024871826,0.46081915870308876,0.5229798159939082,0.2423550877869315,0.21635936552172194
3.453587214152018,2.7551082770029702,2.197708527247111,0.005186319351196289,0.5369895398616791,0.5525778603687499,0.16032280601703053,0.16236657401407822,3.6146970987319946,2.7399861812591553,0.9180013686418533,0.03862851858139038,0.4444570764899254,0.5062557902834744,0.26193727366917124,0.23502876718269253
3.436935027440389,2.7371270656585693,2.1704225540161133,0.005053877830505371,0.5410008231798807,0.5427374051130592,0.0758058629044985,0.06915145978530371,3.520412504673004,2.722281575202942,1.0289834290742874,0.03142625093460083,0.43399054929614067,0.4935901444737304,0.2612986990654498,0.25650042623889585
3.4297615687052407,2.718729575475057,2.1491523583730063,0.0062363942464192705,0.5415223439534506,0.5261815797373058,0.1486735405202602,0.14859788732665555,3.464098274707794,2.705882489681244,1.1400577127933502,0.027201443910598755,0.4305584579706192,0.48953760337179597,0.24156923832530638,0.24236928620745865
3.3976097901662192,2.70646063486735,2.118988355000814,0.00517880916595459,0.533670703570048,0.5339815337268492,0.12852379378964868,0.12780802392949708,3.4080172181129456,2.690472364425659,1.2213063836097717,0.023755669593811035,0.42011062428355217,0.47921955328968396,0.24843434883135057,0.25324324120731734
3.3373488585154214,2.6880284945170083,2.1876084009806314,0.003533164660135905,0.5047849118709564,0.5047719468891846,0.12153850100848959,0.13330423586996673,3.364039719104767,2.677094280719757,1.3075134754180908,0.020207613706588745,0.42050399258732796,0.4781072653615015,0.2586006926151525,0.2665315904662886
3.3866899808247886,2.6801388263702393,2.147210121154785,0.0068227847417195635,0.5313039620717367,0.5250361490452307,0.18199854022322048,0.18735700237397437,3.3368839025497437,2.6645206809043884,1.3478021621704102,0.019219666719436646,0.41373737901449203,0.4704778230620935,0.2752078413112355,0.2777480888159977
3.320099433263143,2.6653589407602944,2.1300421555836997,0.005423347155253093,0.4942760467529297,0.5060182395493187,0.18239917066592207,0.16721419101702611,3.289825975894928,2.652781069278717,1.3644353151321411,0.015979766845703125,0.4098244532942772,0.46379424027256655,0.2721432849949956,0.2805840089951818
3.287093718846639,2.6536824703216553,2.137467384338379,0.004078865051269531,0.485953152179718,0.5000203058033411,0.13685008583832256,0.1336201430548296,3.3186899423599243,2.642306089401245,1.391728550195694,0.020480811595916748,0.40301328897476196,0.4547574022207971,0.297258572370278,0.29648255886657016
3.311889330546061,2.6445491313934326,2.1492581367492676,0.004395842552185059,0.5161386529604594,0.4918469991408929,0.1933744659346272,0.1942889322473031,3.308147430419922,2.632202684879303,1.4084108471870422,0.021155446767807007,0.3950275257229805,0.45263722581646687,0.29507652184052685,0.29269940222734697
3.281843423843384,2.637385129928589,2.1578328609466553,0.00515584150950114,0.48526612917582196,0.4816543531286299,0.18014154725868378,0.18626975050213063,3.267565667629242,2.622952938079834,1.4028389155864716,0.018625855445861816,0.38914358615875244,0.4444078814261759,0.2910920503747638,0.28745776589808286
3.2898359298706055,2.6226112047831216,2.1492863496144614,0.0058326323827107745,0.50172558426857,0.4957542447513108,0.1394461513017693,0.14518272363557047,3.2351380586624146,2.6135595440864563,1.4208428263664246,0.01610344648361206,0.3903070017695427,0.4428078582218427,0.29262805026099203,0.2857923763792124
3.2216073671976724,2.6170764764149985,2.1598106225331626,0.0037572383880615234,0.4591557780901591,0.4797227948609191,0.24055470006026988,0.2341793154067515,3.27801251411438,2.604350984096527,1.4428475499153137,0.021824955940246582,0.38436079397797585,0.4382671400854868,0.2841921468097006,0.2771349768503209
3.2227190335591636,2.604959487915039,2.154959519704183,0.005985458691914876,0.45045630137125653,0.4607580248058487,0.15546410654703607,0.1522848587872605,3.2247994542121887,2.595022976398468,1.4421923160552979,0.018102943897247314,0.37754256278276443,0.43251439930698504,0.30827249934236306,0.29502512610750936
3.2396229108174643,2.593942165374756,2.1314408779144287,0.005334615707397461,0.48602935671806335,0.48332811112819335,0.19698674096431323,0.1928345040853203,3.2087595462799072,2.5856860876083374,1.4207319617271423,0.017710596323013306,0.37581637129187584,0.43044591389237663,0.2900945103203386,0.2828841976191774
3.22210160891215,2.58512290318807,2.1170156796773276,0.006038784980773926,0.47104209661483765,0.4872064609869574,0.1656991199626481,0.1692166388373289,3.2306458353996277,2.576032876968384,1.4170770049095154,0.02045556902885437,0.3802262060344219,0.4304722754249301,0.2762899072330284,0.2781519052535614
3.198749860127767,2.574462334314982,2.1025501092274985,0.0030704736709594727,0.48860877752304077,0.4818513477057146,0.1341609175366167,0.12288060877664335,3.204320728778839,2.565933585166931,1.4330287277698517,0.019986599683761597,0.3678690791130066,0.41972650572176423,0.29740135841026033,0.28429753885876113
3.160863161087036,2.5646658738454184,2.102166732152303,0.004481951395670573,0.44649357597033185,0.4589665639196844,0.1652252397477668,0.15524407760837847,3.189377784729004,2.555962383747101,1.438594490289688,0.019994348287582397,0.36254181526601315,0.41281748858024364,0.30194969055331866,0.298125336162435
3.163904905319214,2.5542420546213784,2.145960569381714,0.006014903386433919,0.4425165057182312,0.45491789695578744,0.18765536378390557,0.19020609741932068,3.13994163274765,2.5451480746269226,1.45935520529747,0.016357243061065674,0.35907118022441864,0.40893596774497615,0.30547751793480804,0.29280303564420224
3.171083370844523,2.5373592376708984,2.118846337000529,0.0036569039026896157,0.49139557282129925,0.467477371082441,0.19404871522510062,0.19352222456976276,3.1337433457374573,2.534856855869293,1.4604115188121796,0.017910748720169067,0.3476539272814989,0.39687920091835144,0.33535380794618885,0.32054810063581624
3.109574635823568,2.5372745196024575,2.1432908376057944,0.004790743192036946,0.4174678126970927,0.4290244370738466,0.25243450036048537,0.2619354267058514,3.1225096583366394,2.5231916308403015,1.4581056237220764,0.018211156129837036,0.3452116809785366,0.39335281167392755,0.33064981793728787,0.32023760414077057
3.133056879043579,2.5185364882151284,2.0955150922139487,0.00582114855448405,0.4518242875734965,0.4157892498380851,0.29110758677820364,0.29700103689182,3.0974491834640503,2.5106478333473206,1.4848095178604126,0.01750469207763672,0.33838911913335323,0.38724507482106507,0.34374513913771404,0.32060517608280686
3.1185971895853677,2.5094244480133057,2.102381626764933,0.004066308339436849,0.46359390020370483,0.4373762972938623,0.18370557372084384,0.17593416836563744,3.062925934791565,2.4983264207839966,1.5325529277324677,0.015120267868041992,0.33752522990107536,0.3849085846546787,0.3343940588976875,0.32646226615976415
3.0550014972686768,2.4961320559183755,2.127072334289551,0.002813617388407389,0.42452044288317364,0.4393485594615383,0.21907722587148454,0.2131143213965368,3.037025034427643,2.486615777015686,1.545252412557602,0.013703137636184692,0.3368004709482193,0.38195619990225316,0.3442502788941033,0.3256256365548658
3.071399688720703,2.478599945704142,2.130592187245687,0.005037387212117513,0.43614819645881653,0.4281167807357091,0.2138500355751632,0.2056576775159238,3.065153658390045,2.471945583820343,1.533447265625,0.01914358139038086,0.32605712302029133,0.37319319181146815,0.35394694290023254,0.3404201568225709
3.035682439804077,2.471700747807821,2.122650464375814,0.0038547913233439126,0.4194939931233724,0.4226516889613618,0.22416037912167375,0.2269722840316366,2.9971874952316284,2.458328068256378,1.5331555008888245,0.014059960842132568,0.32230496034026146,0.36961162901892397,0.3496215612974234,0.34011782752251885
3.013711373011271,2.4500998655954995,2.1200159390767417,0.005863388379414876,0.3992699682712555,0.41418830490238584,0.23534676229008472,0.21679355341806655,3.014369308948517,2.4447928071022034,1.5017247200012207,0.01755419373512268,0.3198259435594082,0.3653055284572913,0.34392071232941523,0.33521516166092397
2.997178077697754,2.436406373977661,2.0893734296162925,0.0034392674763997397,0.4220823347568512,0.4071009915280232,0.2633780874378645,0.24555504738017941,2.9827345609664917,2.4302591681480408,1.519366055727005,0.01603037118911743,0.3170047998428345,0.360787570541491,0.34976162003037137,0.3452183548392356
2.9456111590067544,2.431721289952596,2.124941905339559,0.0032577117284139,0.37522855401039124,0.3949614918754971,0.27347548526064525,0.25783074179033494,2.994768500328064,2.416215419769287,1.5267987847328186,0.019153058528900146,0.3116401582956314,0.35511571293831684,0.3678142117429007,0.3464762417034784
2.973642190297445,2.4092888832092285,2.132140636444092,0.004347681999206543,0.4144868850708008,0.4020646952034616,0.22000714222399181,0.2050897623839145,2.9440778493881226,2.403123378753662,1.50250643491745,0.016500353813171387,0.301650520414114,0.3468600165601286,0.3712219409307188,0.3563344143990991
2.9346490701039634,2.3941218058268228,2.1063644886016846,0.004171609878540039,0.3937014639377594,0.39808189802252186,0.21627299778075,0.19972857267259816,2.9319803714752197,2.3893675208091736,1.5189870595932007,0.016646981239318848,0.30102608539164066,0.34373234326259916,0.3665717594826243,0.3528252774228843
2.9230570793151855,2.383122205734253,2.137052377065023,0.0049889882405598955,0.38344191511472064,0.3838878457931213,0.2363747582141668,0.23191348129147324,2.9125917553901672,2.3780381083488464,1.540899395942688,0.01596662402153015,0.29864076152443886,0.3410215241338075,0.3846212465729696,0.38332845587287057
2.8998130162556968,2.3709500630696616,2.1441617806752524,0.003163933753967285,0.3901737928390503,0.3860470262936473,0.26883104209072617,0.27233535306661727,2.910806894302368,2.365194320678711,1.544264703989029,0.016809791326522827,0.30114191584289074,0.34140484469006827,0.3868617045129614,0.3662231138454087
2.8781826496124268,2.3524091243743896,2.1181848843892417,0.003931204477945964,0.3807487388451894,0.3813127310296262,0.2384858694070026,0.24001804639164448,2.8782432079315186,2.351965844631195,1.4916972815990448,0.015802234411239624,0.29446037858724594,0.33691188825010043,0.3920219125374176,0.37558173896131525
2.8705434004465737,2.342423995335897,2.0843255519866943,0.005124727884928386,0.3729121188322703,0.387648806624509,0.25242851225506147,0.25744875202250334,2.861988604068756,2.3411489129066467,1.4621606767177582,0.015633463859558105,0.2921786531805992,0.33554462346709935,0.36888816019372606,0.35579243848931347
2.856816530227661,2.3274528980255127,2.085522015889486,0.004987319310506185,0.375463604927063,0.3757956007859188,0.23834657150287658,0.23932974368180143,2.853726327419281,2.3302616477012634,1.4467948377132416,0.016228318214416504,0.28965316340327263,0.3331910551382056,0.36147732450181363,0.3519738576157773
2.839031219482422,2.31307315826416,2.064849615097046,0.0060195525487263995,0.3628210425376892,0.3571376216778726,0.27679131941291935,0.2670488545566929,2.8665396571159363,2.3190680146217346,1.4484441578388214,0.01920872926712036,0.28392259031534195,0.3269042852561332,0.36611434922692176,0.3579172092505762
2.8320040702819824,2.302220265070597,2.096104383468628,0.005741635958353679,0.3678494294484456,0.3725898883089011,0.25051342598843407,0.24028828631133559,2.829979181289673,2.3101640939712524,1.5358687043190002,0.015761375427246094,0.28619599156081676,0.3273175991404818,0.38280311990561583,0.36620512476613226
2.8108835220336914,2.2966150442759194,2.2023553053538003,0.0031331380208333335,0.3729760944843292,0.3816890081718559,0.24932893139361725,0.26148837740825503,2.8445775508880615,2.298920154571533,1.6084299683570862,0.018435418605804443,0.2818033806979656,0.32254552610983983,0.39005985707230684,0.3629721763992459
2.7679595152537027,2.2769858042399087,2.2049901485443115,0.003536264101664225,0.34553833802541095,0.3560469604001221,0.31170352222039943,0.3059493297725259,2.826669454574585,2.2889187335968018,1.5421956777572632,0.018266648054122925,0.2788877058774233,0.31939985126613246,0.3872349886280847,0.37866018638256255
2.7651326656341553,2.261648734410604,2.1019249757130942,0.004078984260559082,0.35780174533526105,0.3644011695312182,0.26282520929483577,0.27130061792590815,2.8065141439437866,2.276440382003784,1.4777610003948212,0.01790526509284973,0.27802835032343864,0.31807202110525945,0.36999538683970656,0.36313020630979903
2.8013124465942383,2.2554522355397544,2.0933967431386313,0.007699489593505859,0.36458052198092145,0.35366834210892945,0.26899750805073197,0.27582803591104016,2.810032904148102,2.267629623413086,1.4969522058963776,0.019656240940093994,0.27197614684700966,0.31212298621323936,0.3775202932641915,0.3670885333439166
2.7728801568349204,2.245178699493408,2.1262598037719727,0.005232652028401692,0.3693235516548157,0.3668615327670173,0.2569733123483635,0.2726601683001094,2.771915912628174,2.257466673851013,1.555075466632843,0.016622990369796753,0.2712967712432146,0.31210828790234346,0.39016747254234385,0.37485447185159904
2.763404369354248,2.2353463172912598,2.113224665323893,0.004857023557027181,0.374069482088089,0.35750283168423663,0.23547147413712574,0.22619658928916261,2.778908848762512,2.2514315247535706,1.5421196222305298,0.018089473247528076,0.27038117684423923,0.3106074643277349,0.38636683412884615,0.3764831833690152
2.7211479345957437,2.236969550450643,2.0843456586201987,0.0044260819753011065,0.33592159549395245,0.3531219087238571,0.2702477320139952,0.27695550292305426,2.777516543865204,2.242634117603302,1.533176600933075,0.01880580186843872,0.2711058594286442,0.3113958593831776,0.36697705728987684,0.35424409698736653
2.7332111994425454,2.221914052963257,2.1193737188975015,0.0034896135330200195,0.37060675024986267,0.3608981399045439,0.24019633957019326,0.25763519307203575,2.7764108777046204,2.236200511455536,1.5291897356510162,0.01952826976776123,0.2694446351379156,0.3101429298180501,0.3784662701826189,0.3581598611062392
2.716221650441488,2.216631015141805,2.103264411290487,0.004742821057637532,0.3472362558046977,0.3589110150458205,0.2717052948747781,0.26039690440225693,2.729973554611206,2.223227620124817,1.5126670598983765,0.01699221134185791,0.2620400357991457,0.30359732576905246,0.3786013006310043,0.3682579368317659
2.6909167766571045,2.197317441304525,2.114283005396525,0.003174463907877604,0.3562992612520854,0.35414259593384895,0.2783695090664131,0.2755080573071259,2.7011863589286804,2.217374622821808,1.5019706189632416,0.014788985252380371,0.26156282238662243,0.30235785402314336,0.3638921974442034,0.3385850128995189
2.742558717727661,2.186337153116862,2.083151896794637,0.006944894790649414,0.3829621573289235,0.358179827118219,0.22788086345807743,0.2207195242468672,2.7096864581108093,2.212575852870941,1.5041829347610474,0.01619821786880493,0.2607292179018259,0.29908273531558005,0.37976361838156636,0.3650455304123915
2.6890296936035156,2.178231954574585,2.0948654810587564,0.004949013392130534,0.35681186119715375,0.3537561110650775,0.2661292280597899,0.2771928429488583,2.7142422199249268,2.2053112983703613,1.5126093327999115,0.01774093508720398,0.2567781712859869,0.29523077849355006,0.40286432518166226,0.38842842359860336
2.6686930656433105,2.193730672200521,2.1023367245992026,0.002249439557393392,0.3474636375904083,0.33649457677157174,0.3025495216848947,0.2961401958432603,2.71498042345047,2.199777126312256,1.4906767308712006,0.019204914569854736,0.2495805136859417,0.2868778884057227,0.4027051433168444,0.39155215255559733
2.685599406560262,2.178311745325724,2.056186040242513,0.006038506825764974,0.344395250082016,0.3508776719896152,0.24908055270935023,0.23766954042823316,2.6474254727363586,2.190640866756439,1.4936257004737854,0.013587713241577148,0.2469055075198412,0.2837181445877589,0.3976406636488891,0.3721893794149913
2.6175715923309326,2.1670783360799155,2.0345140298207602,0.0039484500885009766,0.3094804088274638,0.3182025228653143,0.2707533876671788,0.27501769875723014,2.648007035255432,2.1847928762435913,1.4862288236618042,0.014511674642562866,0.24451152421534061,0.27987365596461683,0.3874057591001452,0.3800294077689485
2.630055030186971,2.152928272883097,2.035738547643026,0.004730423291524251,0.3282720943291982,0.3269239604331655,0.24758544988146042,0.24650096403602614,2.6883192658424377,2.178787112236023,1.4596692621707916,0.01960533857345581,0.24147558771073818,0.277288687029363,0.3803166475588634,0.36843317947764803
2.605128049850464,2.1502575874328613,2.0104548136393228,0.0045566558837890625,0.30900898575782776,0.3151495762933408,0.3030701749032263,0.29767883459193495,2.6624341011047363,2.173833191394806,1.4664847254753113,0.017094939947128296,0.24518206901848316,0.27929535362101143,0.3982744028535287,0.38175820815475964
2.65336012840271,2.15370241800944,2.0093844334284463,0.008503437042236328,0.3145793279012044,0.32432226358645266,0.3305388030817718,0.3161931698208952,2.6467356085777283,2.167055308818817,1.4999220669269562,0.01644858717918396,0.2410206999629736,0.2773202450413301,0.3871003768790637,0.3749610732256982
2.618034760157267,2.1420786380767822,2.039207696914673,0.0056342681248982745,0.3179348011811574,0.3236438414340123,0.2888407076073251,0.2846819334192965,2.6493473649024963,2.161380350589752,1.4516877233982086,0.01773008704185486,0.23896824568510056,0.2732056685847111,0.3866644333701617,0.3764853154814984
2.576695760091146,2.1312363942464194,2.045680562655131,0.003595431645711263,0.30740081270535785,0.30501475054326593,0.32588398009312314,0.3215247367355793,2.6953490376472473,2.15408194065094,1.4023341238498688,0.023740530014038086,0.2349322158843279,0.2696894502805153,0.39254116920918325,0.37199724137145196
2.632762591044108,2.133356809616089,1.990958531697591,0.006424347559611003,0.3359356224536896,0.31621570119860876,0.2812147933863071,0.2862630704634625,2.6167842745780945,2.149947702884674,1.4254100024700165,0.016246110200881958,0.23391732666641474,0.27119465132055265,0.3623853197291028,0.3460231515089204
2.589404741923014,2.11558469136556,2.038336992263794,0.006566325823465983,0.30656824509302777,0.31111729552463663,0.2851481109306202,0.26306773450619636,2.629759728908539,2.1426036953926086,1.4769547581672668,0.017987757921218872,0.23433009535074234,0.26900283268891606,0.3839075976240888,0.3654759125464895
2.5648532708485923,2.115962266921997,2.0780587991078696,0.004387060801188151,0.3013368447621663,0.30935969531416385,0.3064724805774124,0.3157758805587754,2.597014546394348,2.1388384997844696,1.5437786877155304,0.01479676365852356,0.23375936783850193,0.2694980137163499,0.38750675506076127,0.37112307383667603
2.5408271153767905,2.1058151721954346,2.1423863569895425,0.002803802490234375,0.2999947865804036,0.3094459471362845,0.30227822767209656,0.2873991959989342,2.5688564777374268,2.13402596116066,1.5494155287742615,0.012482166290283203,0.23316225968301296,0.2668198175789998,0.39759125596538164,0.37377923548451697
2.540454149246216,2.091591755549113,2.127036968866984,0.003624399503072103,0.30644779404004413,0.3046369251898735,0.2974462705466264,0.27953294823148944,2.589697480201721,2.1294481456279755,1.48404461145401,0.015733957290649414,0.22949413768947124,0.2639929631702838,0.39476006376473227,0.3721666515209268
2.557386636734009,2.0863496462504068,2.0956897735595703,0.004135807355244954,0.32510125637054443,0.31486148541695036,0.30807774211281214,0.31519733149569934,2.576278567314148,2.1227107644081116,1.4154123961925507,0.015729248523712158,0.22629115730524063,0.2608769198326925,0.37827328117967995,0.3560216327894785
2.5510284900665283,2.0900355180104575,2.0209664901097617,0.004909594853719075,0.31109415491422016,0.3039920743729327,0.3033593360221838,0.30283556337757006,2.6426605582237244,2.119317412376404,1.3896026909351349,0.023001760244369507,0.22499540820717812,0.2582575215500135,0.3760630575712919,0.3529506938042184
2.534797509511312,2.0782530307769775,2.0041449467341104,0.0047206878662109375,0.30936633547147113,0.30639754890265447,0.29951757121778755,0.31589718306223874,2.634524345397949,2.1126956045627594,1.400830239057541,0.023083359003067017,0.2221077410504222,0.254346013997936,0.4037515496653503,0.38282487073795596
2.5079637368520102,2.0728774865468345,1.9881839752197266,0.005577603975931804,0.28017982840538025,0.27826563072050853,0.37104507482072874,0.3633360312067285,2.5937952399253845,2.1104374825954437,1.4422973990440369,0.01924997568130493,0.21970569528639317,0.2539484443724745,0.37817841701087357,0.34725651412120595
2.509939432144165,2.064455270767212,2.0102840264638266,0.006470402081807454,0.28058943649133045,0.2925260195451002,0.35673542608792747,0.34191812126993676,2.567351520061493,2.10453137755394,1.481237679719925,0.017136424779891968,0.218250903300941,0.2508751237143602,0.39816970545441815,0.36697373077435896
2.4909287293752036,2.077507177988688,2.092820405960083,0.003333131472269694,0.27561580141385394,0.2790680345173978,0.32000901981443153,0.3203256393642792,2.5590394139289856,2.1012415289878845,1.4945903718471527,0.01709112524986267,0.2130116969347,0.24500811948576548,0.41625464600255657,0.3823048463782875
2.4495795567830405,2.0565837224324546,2.071925719579061,0.002959569295247396,0.25995183487733203,0.27647165141784363,0.35029787451044175,0.32455914996718543,2.5648728609085083,2.097119987010956,1.4749309122562408,0.018308281898498535,0.21183904260396957,0.24389116150510856,0.4207289895291664,0.3838792039025868
2.487322966257731,2.063260555267334,2.071359634399414,0.004431287447611491,0.276403213540713,0.29704244272382085,0.28790241147039913,0.2696886520467801,2.591103255748749,2.0916794538497925,1.4751762747764587,0.021681129932403564,0.20993777364492416,0.2428099408060838,0.41551976758530995,0.3950662011822966
2.4743548234303794,2.0555328528086343,2.0666083494822183,0.003973325093587239,0.27595699826876324,0.27627045551435186,0.3548931918821512,0.34624967031279935,2.545198142528534,2.08761990070343,1.509479582309723,0.01730760931968689,0.20989349484443665,0.24038584102917485,0.42105258025505166,0.39577380327315675
2.4651966094970703,2.0500031312306723,2.0801997979482016,0.003035863240559896,0.2809767822424571,0.28792804229391344,0.33168991992179814,0.3237234361034148,2.5165932178497314,2.085043966770172,1.5034820139408112,0.014849066734313965,0.20862692967057228,0.24059802360851779,0.4156534637884842,0.3993772405386261
2.433990955352783,2.041510502497355,2.076515515645345,0.002379139264424642,0.26498226324717206,0.27103019165732195,0.34411889538378404,0.3334265634222416,2.5169482827186584,2.0783185362815857,1.477519929409027,0.015681833028793335,0.20871951058506966,0.2391639483928609,0.39450358463551416,0.37499782772819834
2.453367312749227,2.034652312596639,2.0820387999216714,0.004650433858235677,0.2683412929375966,0.27113783863733054,0.3514253204135776,0.3313166118404698,2.514956057071686,2.0762184858322144,1.453310489654541,0.016126394271850586,0.20561443082988262,0.2352815924488996,0.39790731089320447,0.3686940112103537
2.4299420515696206,2.03031587600708,2.0381991863250732,0.003736734390258789,0.26053565243879956,0.2658619526330437,0.34355869910392545,0.3490469098687159,2.5466848611831665,2.0731767416000366,1.4504008889198303,0.019922256469726562,0.20276164822280407,0.23246331708003784,0.3976874624547863,0.36797517435150856
2.445693333943685,2.028233051300049,2.017701188723246,0.005095163981119792,0.26587843894958496,0.2535468171858659,0.3550249516703444,0.3405561463428173,2.5008040070533752,2.0679833590984344,1.4880488514900208,0.01563429832458496,0.20285687036812305,0.23288126111003665,0.4033449364060686,0.3735648724704557
2.4825629393259683,2.0370659033457437,2.0270286401112876,0.007801731427510579,0.26651857793331146,0.2788909441426707,0.2807706816170149,0.265888749652222,2.5114086866378784,2.0644331574440002,1.5482099056243896,0.016807854175567627,0.20232686400413513,0.231143672789597,0.4117449188796497,0.3717181669726696
2.3968013922373452,2.0278515021006265,2.0403688748677573,0.0026845932006835938,0.2402198165655136,0.2541087567356296,0.38051878524071725,0.3719684460138416,2.461551547050476,2.061770588159561,1.5798084735870361,0.01230919361114502,0.1983140679076314,0.22951986145181597,0.41619859349077276,0.3782412369047695
2.43270206451416,2.033320188522339,2.038595199584961,0.004618684450785319,0.25149617592493695,0.2614313839297613,0.3757864792921913,0.36135385730662534,2.5014583468437195,2.0572251975536346,1.567485898733139,0.016600728034973145,0.20068171247839928,0.22908783349680653,0.3979647099625377,0.3649958316495867
2.4381266434987388,2.010648488998413,2.0844988028208413,0.004483580589294434,0.27864158153533936,0.26361911727750414,0.3379036012527298,0.3462205174552404,2.4887747764587402,2.0545132160186768,1.554539442062378,0.01578626036643982,0.19946122355759144,0.2286522754644393,0.40175151124484254,0.36870851949204136
2.429530620574951,2.017079552014669,2.0771045684814453,0.00391995906829834,0.26959224541982013,0.26968616041540966,0.32063932703780684,0.32043001574359636,2.502939999103546,2.0507471561431885,1.4854089617729187,0.018273234367370605,0.19610370136797428,0.22500573634400356,0.41979845361347523,0.3991103142225966
2.455152750015259,2.003715753555298,2.061725695927938,0.00749055544535319,0.2738196353117625,0.2614208341463945,0.3553307365817897,0.35259912110159786,2.473931908607483,2.0465676486492157,1.4435348212718964,0.016270041465759277,0.19330048002302647,0.22369127438602193,0.4024692461986748,0.378079621361861
2.419436772664388,1.999611496925354,2.005042235056559,0.005243659019470215,0.26739879449208576,0.25930919978073014,0.3389283093747343,0.3381485486599974,2.5137120485305786,2.043289065361023,1.4637368023395538,0.02010488510131836,0.19719257671386003,0.22354851553130223,0.40981107360360947,0.3805838901830539
2.4637447198232016,2.0142433245976767,2.010665535926819,0.00792384147644043,0.27012600501378375,0.26089073574643984,0.33711223963714504,0.3226615817352961,2.471309244632721,2.0393073856830597,1.5038630962371826,0.016202092170715332,0.19559795875102282,0.22352745651424996,0.40372546595522085,0.37401591413700663
2.3837552070617676,1.992663304011027,2.0799480279286704,0.0023059447606404624,0.264150266846021,0.25683032818078544,0.3610248231805606,0.35426193605196316,2.4607908129692078,2.03783643245697,1.524949073791504,0.015406757593154907,0.1934095397591591,0.22114427669784817,0.4063886595634808,0.37042480062335836
2.3933304150899253,1.9988497893015544,2.0434478918711343,0.004078507423400879,0.2517271637916565,0.2554295719759379,0.3178215834004012,0.32603026304564847,2.4395623803138733,2.034766346216202,1.5008425414562225,0.01379239559173584,0.1925195250660181,0.217822872727331,0.4134799351996706,0.38455917494901426
2.4009979565938315,1.9908316532770793,2.074723164240519,0.004514416058858235,0.2615117331345876,0.2527639710747771,0.35046602801183113,0.34504765765574336,2.4525861144065857,2.0296897292137146,1.4548992216587067,0.01603063941001892,0.19064661115407944,0.21624801576605787,0.3965078432528667,0.36519897309356236
2.372695525487264,1.9887758890787761,2.028279940287272,0.003557443618774414,0.2471089909474055,0.25352816246756893,0.3386041270311515,0.32857070792987514,2.462669789791107,2.0277044773101807,1.4364778101444244,0.017533153295516968,0.18868653289973736,0.21522381323835285,0.3894231280676452,0.3591791506711459
2.3601478735605874,1.9726937214533489,2.013374090194702,0.003967960675557454,0.24730409681797028,0.24835610410488088,0.35364067963703605,0.35609783413766977,2.4184082746505737,2.024000197649002,1.4384874105453491,0.013639003038406372,0.186775553971529,0.2134824835876005,0.394444018239967,0.36550095672222177
2.370328505833944,1.9657963911692302,2.0047781467437744,0.0051000118255615234,0.25354814529418945,0.24785888465684944,0.31953648937845514,0.2974284194471345,2.4156500101089478,2.0231442749500275,1.495828539133072,0.013297885656356812,0.1854003258049488,0.21112250316547299,0.41202624895453366,0.3767560229325562
2.335864226023356,1.9663725296656291,2.0545530716578164,0.004880348841349284,0.21820463240146637,0.23583770875514662,0.39203544686033487,0.37380763367306175,2.4312615990638733,2.0190975666046143,1.5423375368118286,0.015071749687194824,0.18508323654532433,0.20984246513439503,0.4254970409292317,0.38246739693397935
2.3525876998901367,1.9817290306091309,2.1104405721028647,0.0030192136764526367,0.23529547452926636,0.23578964159211152,0.3777281306184174,0.36389451428724795,2.4233216047286987,2.0173214077949524,1.5095364153385162,0.014572203159332275,0.1855299510061741,0.21118871950000662,0.40236307743616234,0.3632993912061942
2.351166009902954,1.9693907499313354,2.084740241368612,0.0025975306828816733,0.2516928017139435,0.2437997167872902,0.3860776535372934,0.38377534084893516,2.428611636161804,2.013538748025894,1.4657938182353973,0.015937894582748413,0.18320115003734827,0.20924563390876688,0.4013586250631311,0.369426052552009
2.372356414794922,1.9704722960789998,2.002243002255758,0.006208976109822591,0.23999272286891937,0.24453354277619863,0.346880461878866,0.3402485732986888,2.4090733528137207,2.0102349519729614,1.4603849947452545,0.014673203229904175,0.17982078809291124,0.20433822169324956,0.41166408664194687,0.3775215691663259
2.3104565938313804,1.9555471340815227,2.009519179662069,0.003055413564046224,0.2240320841471354,0.22570571268610154,0.40483171606989465,0.40389854784489454,2.4111629128456116,2.0075755417346954,1.472932904958725,0.015161693096160889,0.17908186092972755,0.20341525210339612,0.4080485154759551,0.37280538850361034
2.3661725521087646,1.961667776107788,2.005507707595825,0.0067519744237263995,0.2370472103357315,0.24456933582981624,0.34362063256077036,0.34781466723710996,2.4028027653694153,2.006700247526169,1.4788933098316193,0.014458298683166504,0.17829775623977184,0.20218736752540636,0.4066277371564254,0.383549964651294
2.3204490343729653,1.9492214123408,2.026927630106608,0.003765702247619629,0.23241247236728668,0.23838236052788997,0.36577939972791756,0.3592704926318969,2.389130175113678,2.00227090716362,1.470014065504074,0.013442665338516235,0.17960407584905624,0.20288086135147673,0.3939091591278612,0.3561685147976198
2.3273282051086426,1.9368845224380493,2.0398472944895425,0.005946199099222819,0.22928664088249207,0.2349025766249511,0.36096935875673336,0.3442085294558734,2.3960100412368774,2.0033011436462402,1.4335303008556366,0.01471167802810669,0.17465109191834927,0.19858747298670013,0.4078317902206471,0.3730181322455334
2.321101188659668,1.929750641187032,1.980437159538269,0.004823724428812663,0.24433263639609018,0.23120349159955353,0.3861527098867716,0.383725963976211,2.4115623235702515,1.9979947209358215,1.4204546511173248,0.016620099544525146,0.177174917422235,0.1986245138986156,0.39846625558966164,0.3665957334397888
2.2905163764953613,1.9365175167719524,2.0130028327306113,0.0031572977701822915,0.2219336728254954,0.2347788064933765,0.33406668314518184,0.33408805881113957,2.4400822520256042,1.9961320161819458,1.4774248003959656,0.01953047513961792,0.17575067840516567,0.19671425531564363,0.41052035084541844,0.3748186920290911
2.301656166712443,1.9333704312642415,2.032817324002584,0.003261089324951172,0.23419717450936636,0.24164828239331435,0.3282429992431126,0.3218362439599147,2.408481538295746,1.9951277375221252,1.4903505146503448,0.016791999340057373,0.17175592854619026,0.1952370833779447,0.41141016598582286,0.37165013204250974
2.332956155141195,1.9386145273844402,2.046903928120931,0.007891178131103516,0.21347915629545847,0.22048248845518564,0.39412790689721455,0.38358165941067085,2.41191703081131,1.9931582808494568,1.4551384449005127,0.01756909489631653,0.17118932399898767,0.19455551263690787,0.41665109534590883,0.3837482539455987
2.2963003317515054,1.9417775472005208,2.0546677112579346,0.0031589269638061523,0.22035807371139526,0.22156547437316376,0.39415626194517717,0.38410307552693607,2.421553313732147,1.989984393119812,1.403149664402008,0.01927211880683899,0.16965381614863873,0.19233828506646558,0.41180780788174226,0.3750326045369932
2.3027336597442627,1.9335940678914387,1.939527193705241,0.004518747329711914,0.2272017002105713,0.2230187100912678,0.3852217491843488,0.35567842807034356,2.4714877605438232,1.9864867329597473,1.36895751953125,0.024709999561309814,0.17068862542510033,0.19183689551968525,0.4148706039703922,0.38173142570526203
2.3023734887441,1.937624454498291,1.9109275341033936,0.00550230344136556,0.2144547998905182,0.22060629001908422,0.3738902693462823,0.36719903435845364,2.395037829875946,1.9833045601844788,1.3681710362434387,0.01748114824295044,0.16938727349042892,0.19139225790857786,0.41550772639774786,0.380926661619356
2.2743547757466636,1.9249004522959392,1.895800511042277,0.003260533014933268,0.22222202519575754,0.22370425520604834,0.3637151181274378,0.35491853242999033,2.379126787185669,1.9795589745044708,1.3804626762866974,0.01635444164276123,0.16781800519675016,0.19004546486917354,0.4159679821750859,0.3838094717825567
2.258284091949463,1.9152932564417522,1.9517070055007935,0.0029863913853963218,0.21569099028905234,0.21187237435489054,0.38529274021640375,0.3923037286119716,2.3507938385009766,1.9786525964736938,1.4133681058883667,0.013550221920013428,0.16664815042167902,0.1888893668973379,0.4224259135993956,0.38869497307614753
2.2764228185017905,1.9160818656285603,1.9712965488433838,0.005377411842346191,0.2082708179950714,0.2213240571454755,0.3927805256845014,0.39657724225865226,2.3666895031929016,1.9753404557704926,1.4002598822116852,0.0156707763671875,0.16541177313774824,0.1865695691500155,0.42470733505525704,0.39571879760446355
2.2657767136891684,1.9016890128453572,1.9687773784001668,0.006288607915242513,0.20307704309622446,0.2084403245157149,0.42172376961985875,0.4243438460912218,2.374021828174591,1.9747225940227509,1.3652929365634918,0.016571789979934692,0.16614523250609636,0.1861681536415413,0.42718409472022384,0.4000954040238795
2.2475998401641846,1.9013911883036296,1.9977548519770305,0.004098931948343913,0.20553654432296753,0.20833892606242796,0.38673759640440475,0.3739097435320694,2.394125998020172,1.9723276495933533,1.383267492055893,0.018850773572921753,0.1650698222219944,0.18715704387423654,0.4138053299183506,0.37840386821156535
2.244302829106649,1.8998036781946819,1.9938493172327678,0.003064115842183431,0.21431865791479746,0.21206013116220057,0.3703265257138303,0.36067421312023984,2.368728756904602,1.9723492860794067,1.3793556094169617,0.016632109880447388,0.16192225366830826,0.18422972418434638,0.4202626137407832,0.3904520561819676
2.2658236821492515,1.9000394741694133,1.9724613825480144,0.004001061121622722,0.22735062738259634,0.21129963864107223,0.39401084507586903,0.3941042689808501,2.424173355102539,1.9682516157627106,1.3989985883235931,0.022417008876800537,0.16292254906147718,0.18359777575362832,0.42022382452724866,0.38677949880483525
2.2338922023773193,1.8906131585439045,2.003548741340637,0.004688183466593425,0.19645410279432932,0.20738325402517904,0.40968605745276593,0.4099004516570601,2.3804195523262024,1.9701586663722992,1.4014505743980408,0.017889201641082764,0.16219088714569807,0.18147115485277096,0.4255173110715724,0.3943242175380454
2.246476411819458,1.8919004996617634,1.9705888430277507,0.0040179093678792315,0.216068168481191,0.21221157296140122,0.3835143846454725,0.3796887714608832,2.379344642162323,1.9644402265548706,1.396142452955246,0.018414855003356934,0.16186953149735928,0.18159774411606758,0.41815547277470555,0.39082903208590636
2.2457115650177,1.8943732976913452,1.9794580936431885,0.004856983820597331,0.2040383517742157,0.20784036968364394,0.40613166444757676,0.3968786936185687,2.353987753391266,1.9646368026733398,1.3842153251171112,0.015548676252365112,0.16543089132755995,0.1832220770828574,0.3981673577095548,0.3743604068468417
2.2449851036071777,1.8839235305786133,1.9331667025883992,0.004894137382507324,0.21570650736490884,0.2024871464223834,0.39662934150860596,0.36296194306933366,2.4190982580184937,1.963548183441162,1.3895385563373566,0.022672712802886963,0.1604797001928091,0.18008396804834884,0.41291518256149295,0.3846331783774409
2.231115976969401,1.8986830711364746,1.9629907608032227,0.003729581832885742,0.19717411200205484,0.20232658715713905,0.39301490926298976,0.3914022482304496,2.3850954174995422,1.9571098983287811,1.4272316992282867,0.01961040496826172,0.16150030586868525,0.18047378319952645,0.419736210870925,0.3919569932571646
2.2558820247650146,1.884597937266032,1.970263401667277,0.006460944811503093,0.20848454038302103,0.2121493954211977,0.36997260164979545,0.3662698525241215,2.371534526348114,1.9566952586174011,1.4280213415622711,0.018247932195663452,0.16187128517776728,0.18178601136366745,0.4065496617393618,0.375976406440463
2.2346815268198648,1.8977982600529988,1.9524736007054646,0.003102898597717285,0.20838576555252075,0.20312321228889368,0.40080563757198406,0.38604362031089595,2.372720181941986,1.9543556869029999,1.3961994349956512,0.01902461051940918,0.15925966668874025,0.17908683618064944,0.42002091604677116,0.39242506065648797
2.2309087912241616,1.877625306447347,1.978563904762268,0.004226366678873698,0.21230299274126688,0.20756484184172763,0.3799079222357805,0.35970991061799257,2.3462581038475037,1.9504708051681519,1.3791366815567017,0.01684659719467163,0.1592067563906312,0.17918206793929778,0.40686411737938993,0.3853494350032907
2.218927542368571,1.8759902318318684,1.9681400855382283,0.006738185882568359,0.177485262354215,0.19263475714693565,0.43668591924798944,0.4187760828077705,2.350193679332733,1.9516823589801788,1.3478603959083557,0.017271816730499268,0.15926369279623032,0.17712626170383253,0.4172685554343646,0.3916599411125941
2.228861093521118,1.8942883014678955,1.9614766438802083,0.004080732663472493,0.19589568674564362,0.1951733154385138,0.40004959929820766,0.3919264631873906,2.346189498901367,1.94668909907341,1.3592554032802582,0.01721179485321045,0.1602803561836481,0.17845466573847388,0.40913678588847757,0.38155270934522123
2.167170524597168,1.8627014954884846,1.9785065650939941,0.002161423365275065,0.18403753141562143,0.19290715219898033,0.42303021157916576,0.4186715026495632,2.346520960330963,1.9471985697746277,1.4041002988815308,0.016703933477401733,0.16291332431137562,0.18048318519174947,0.39312097204587326,0.3616073694065459
2.2295966148376465,1.875181754430135,1.9858912626902263,0.005320588747660319,0.2021804004907608,0.19849870744955664,0.41006042361317574,0.3911488138310717,2.382185459136963,1.945153534412384,1.4263460040092468,0.020745575428009033,0.1592960897833109,0.17857660376615056,0.4082903910250071,0.3816182395744707
2.236661195755005,1.8867263793945312,2.0056188106536865,0.003045320510864258,0.21935298045476279,0.2117832832095798,0.3702487682282728,0.36032862907495755,2.331894040107727,1.9407801032066345,1.4144423007965088,0.016258686780929565,0.15861779265105724,0.1761228156115984,0.4194714823062997,0.38351679294777724
2.2436724503835044,1.8662333091100056,2.0087368488311768,0.008021036783854166,0.19719294210275015,0.19261341648764704,0.43464005634150604,0.4367884066613172,2.329930901527405,1.9397943317890167,1.42660853266716,0.016474425792694092,0.15488559566438198,0.1735436992060896,0.4271401744502258,0.3979071241894911
2.1929121017456055,1.8651198943456013,2.03089972337087,0.003048419952392578,0.19591539601484934,0.19130616781353837,0.4372540692128048,0.4372362461219573,2.352013051509857,1.9386588037014008,1.459767609834671,0.01843857765197754,0.15690205059945583,0.17393839810121256,0.42184412940836735,0.38609615037889977
2.194185177485148,1.8614479700724285,2.0514959494272866,0.0029299656550089517,0.2010091890891393,0.19174246114283802,0.4327773866411166,0.4242321835768913,2.3076924681663513,1.9365822672843933,1.4616356492042542,0.014335691928863525,0.15538831613957882,0.17310601508612533,0.4229556232911945,0.38960962241438263
2.212862571080526,1.8672068913777669,2.03515895207723,0.004903475443522136,0.19510818521181741,0.19455741404790716,0.4225585562385365,0.42593529684248427,2.34536212682724,1.9366050958633423,1.4571871757507324,0.01796799898147583,0.15711621847003698,0.17271200447698862,0.4216625505583291,0.3870272460253188
2.2083733081817627,1.8591936826705933,2.01167364915212,0.005606810251871745,0.19280822575092316,0.19169400924462426,0.4095329909369172,0.3987971179960584,2.3429742455482483,1.933247685432434,1.457505702972412,0.018181711435317993,0.15594329126179218,0.17152351839797153,0.4182313509242489,0.38124198759709604
2.196329037348429,1.839895526568095,2.051252245903015,0.006328940391540527,0.19089803596337637,0.19291614236989482,0.3961150669658184,0.3796774305418299,2.3142387866973877,1.9312796890735626,1.4525020122528076,0.015794605016708374,0.15317764412611723,0.17026085104144884,0.4238950662150949,0.38703509403172864
2.186796267827352,1.8678749402364094,2.021893858909607,0.0029633045196533203,0.18834170202414194,0.18520530949466604,0.44405950557341445,0.4348778256917242,2.3223960399627686,1.933105617761612,1.4241590201854706,0.01659420132637024,0.1529702479019761,0.16835045567128967,0.4170474459707511,0.3843939142729368
2.188080072402954,1.8623559474945068,2.0007779200871787,0.003675182660420736,0.1891170839468638,0.19453057272848923,0.37041174514531533,0.3683918520129329,2.3238513469696045,1.9273222088813782,1.4059216678142548,0.017389625310897827,0.15320627950131893,0.16763479154752947,0.41534201912453694,0.38044964643103363
2.1654876867930093,1.842713475227356,1.9627056121826172,0.004515727361043294,0.17970735331376395,0.17873814112319578,0.44131054560358357,0.4332740691907447,2.341163158416748,1.925647109746933,1.395374357700348,0.019420921802520752,0.15250919573009014,0.16716037767100447,0.4154949228503559,0.3761941329336113
2.169076124827067,1.8456250031789143,1.9696172873179119,0.0031262636184692383,0.19386397302150726,0.1943546823217788,0.3970709722556711,0.3844239898502441,2.376273512840271,1.9225966930389404,1.4075076580047607,0.023343145847320557,0.15103702619671822,0.16604242062926208,0.4291916838749875,0.3907144264357077
2.1631189982096353,1.8406153122584026,1.9343181848526,0.004244883855183919,0.18355108797550201,0.18537681394377065,0.42010198653625597,0.41348066793171123,2.3205220103263855,1.9226167500019073,1.4266754686832428,0.017510712146759033,0.15233992598950863,0.16720628759796496,0.4124811539401294,0.3788096708429507
2.158663590749105,1.8394655386606853,1.955767075220744,0.002606630325317383,0.19547376036643982,0.1892588296576441,0.44907667326430667,0.45577579586951655,2.3337302207946777,1.9209604859352112,1.4553307592868805,0.019085049629211426,0.15010701026767492,0.16479862622806524,0.4377520569954789,0.4064989835723309
2.138775666554769,1.8301385641098022,1.984155297279358,0.0024618705113728843,0.18493365248044333,0.184784452967781,0.42620542977975573,0.42414155187578134,2.311878263950348,1.9183787107467651,1.4344225227832794,0.017155081033706665,0.15108533389866352,0.1647103757852344,0.4293386260152165,0.39562006875466266
2.1768836975097656,1.8262366851170857,1.9562515020370483,0.007315635681152344,0.1800438662370046,0.17870790608222034,0.4261136962775025,0.4277511372631401,2.312958598136902,1.9191969335079193,1.3992303311824799,0.017463117837905884,0.150042031891644,0.16385621528480657,0.4295581934752751,0.3967627861276647
2.155803839365641,1.8424493471781414,1.945285399754842,0.0029677947362264,0.18656068543593088,0.1940290593845573,0.3907064896904634,0.3919437344880243,2.318129777908325,1.9160803258419037,1.3945975601673126,0.018319934606552124,0.15003620088100433,0.16388391570336583,0.42527756311360876,0.3845805456578569
2.1454927126566568,1.8283944129943848,1.92557692527771,0.004541834195454915,0.17562813063462576,0.17627217985607274,0.43036876334421464,0.43166046476298914,2.3257813453674316,1.9146438539028168,1.4084553718566895,0.019184589385986328,0.14982808008790016,0.1645120243932945,0.4157992709685892,0.380296009663876
2.1433726946512857,1.834702690442403,1.9678581953048706,0.0019164482752482097,0.19120841224988303,0.18427167269841535,0.39591649408111823,0.3978047522295019,2.3260501623153687,1.9152049720287323,1.4455402493476868,0.018965810537338257,0.14985835552215576,0.16244333996919955,0.43087266553977005,0.39911937251310636
2.1342202027638755,1.826097885767619,1.9951998392740886,0.003514965375264486,0.17338840663433075,0.18435980300981306,0.413597054116454,0.40518755745305957,2.293545663356781,1.9117237627506256,1.465467482805252,0.01586201786994934,0.15072137210518122,0.16378454254446798,0.41790030859523086,0.38154582283440364
2.1552223364512124,1.8199001948038738,1.9934991995493572,0.00625463326772054,0.17341360449790955,0.17739342024735844,0.4439030806823403,0.42739024484857474,2.325407385826111,1.9083944261074066,1.4466253221035004,0.019665926694869995,0.14900564029812813,0.16139407436167452,0.4281711866344863,0.3948881931652734
2.1252828439076743,1.8282112677892048,2.0005809466044107,0.002938389778137207,0.16780557235081991,0.1767449698831403,0.4296602342691649,0.41326941160385433,2.2750158309936523,1.9085906445980072,1.3977276682853699,0.0148506760597229,0.14877451490610838,0.16258417149768795,0.420536246950035,0.38236833374627394
2.148959000905355,1.8196563720703125,1.9767319758733113,0.00460044542948405,0.1846915086110433,0.17625952444415463,0.438326218875632,0.42948243855562795,2.310852527618408,1.907448172569275,1.3702221512794495,0.018678098917007446,0.14904622919857502,0.1624214159352079,0.41815671371938035,0.3797730584308586
2.135680675506592,1.820068081219991,1.982966423034668,0.003590703010559082,0.1807368298371633,0.1850793919712108,0.39308875595116577,0.39428423901093007,2.3069900274276733,1.906454712152481,1.37306547164917,0.018471509218215942,0.1480905618518591,0.16178791745109583,0.41938256987750877,0.3868097181346546
2.1183613936106362,1.8218776782353718,1.9868446985880535,0.0029685099919637046,0.16760488351186117,0.17547185653228997,0.4296438887815285,0.4254835148841315,2.2741283178329468,1.9028935730457306,1.3958045542240143,0.01543322205543518,0.14788395073264837,0.16105325273531937,0.4220203624513028,0.3849123590276759
2.1420591672261557,1.8059162298838298,1.988731026649475,0.00597842534383138,0.1772209902604421,0.17247866893382544,0.4441374092435092,0.4346819026856676,2.315527856349945,1.9012995958328247,1.4014707505702972,0.01976478099822998,0.14749516546726227,0.16014618438925488,0.4267135349070481,0.3903254682012823
2.1263515949249268,1.801880160967509,1.9710781574249268,0.00398866335550944,0.1862302819887797,0.18265253332931133,0.4143341054371187,0.4066827455518376,2.3329031467437744,1.8998888432979584,1.4073877334594727,0.021263420581817627,0.1510738506913185,0.16125535274304692,0.4168334489477001,0.3817178595197879
2.140423138936361,1.811104377110799,2.0086620251337686,0.006130695343017578,0.16788522402445474,0.17028474850889352,0.478444400742902,0.46917689039151395,2.2889439463615417,1.9007123708724976,1.3801576793193817,0.017062664031982422,0.14945024624466896,0.1626145793956995,0.4086343839819149,0.3747568125997547
2.0949854850769043,1.8157275915145874,2.000622113545736,0.0022733608881632486,0.15660691757996878,0.16778593053737995,0.44163616248898996,0.439382312313578,2.2752715945243835,1.898793488740921,1.3429895341396332,0.016140639781951904,0.14872927963733673,0.16018093419095655,0.4136346897157107,0.37893330459328856
2.12530779838562,1.8026825189590454,1.963748852411906,0.005686839421590169,0.16785375773906708,0.17227910537433055,0.4269441551459015,0.4213450359428626,2.3108853697776794,1.896587312221527,1.332541972398758,0.020086199045181274,0.14781323075294495,0.15954638247743366,0.41583497935856045,0.3849773891667549
2.0842865308125815,1.7984174489974976,1.995379368464152,0.002345005671183268,0.16276727120081583,0.1679005686766778,0.4563436673314991,0.43581585735214556,2.323440432548523,1.8952662348747253,1.3745197355747223,0.02111753821372986,0.14932872168719769,0.15991073521585408,0.4132181556015433,0.3758166085057378
2.128649870554606,1.8070999383926392,2.071326812108358,0.005191604296366374,0.16632716357707977,0.1661179938228546,0.4557268792880885,0.4429323693124777,2.267931282520294,1.8933228254318237,1.3902448415756226,0.015873491764068604,0.14715496450662613,0.15908193889439934,0.41950983482499554,0.38404441924471105
2.115105470021566,1.8162301381429036,2.04495906829834,0.0033975442250569663,0.1628218193848928,0.16238631413926147,0.48327868475836283,0.48118434108335184,2.281392455101013,1.8934886455535889,1.3399604558944702,0.017212003469467163,0.14964633993804455,0.15891325434299766,0.41803761315632165,0.3766556663105007
2.114797353744507,1.8122405211130779,2.033620278040568,0.0027642250061035156,0.17337178687254587,0.17168107911133687,0.42693192800672164,0.4405953331894583,2.339637041091919,1.892820805311203,1.3062677085399628,0.02362731099128723,0.14641112089157104,0.15776330112180253,0.4215077124680089,0.3898314386136758
2.1278931299845376,1.8076591491699219,1.9698870182037354,0.004887064297993978,0.17311345040798187,0.17151499042885807,0.43268697461187755,0.4362256275890919,2.3153342604637146,1.8893631398677826,1.3205496072769165,0.021327465772628784,0.1477353796362877,0.15787495203547222,0.41566496370724937,0.38162288347129447
2.078166405359904,1.7919100920359294,1.9814468224843342,0.0038077831268310547,0.14929652462402979,0.15857771431771261,0.4801218320011452,0.4582648468858812,2.298214852809906,1.888253778219223,1.3819304704666138,0.01935979723930359,0.14823451451957226,0.1576319304480209,0.41653577738877007,0.38169599580420494
2.0845364729563394,1.7889777024586995,2.0355774958928428,0.0035212039947509766,0.15874391297499338,0.1641745232760609,0.4655218394480891,0.45936046200972935,2.2744770646095276,1.8857370615005493,1.4450976252555847,0.016957074403762817,0.14776214584708214,0.15655521408601192,0.42942251187625274,0.3888651029021283
2.11252228418986,1.788472294807434,2.0201380252838135,0.004790186882019043,0.17538064221541086,0.16733857902942106,0.4626899312470759,0.4486946249910012,2.2810763716697693,1.8861832022666931,1.4659002423286438,0.017887502908706665,0.14361741952598095,0.15463105926979373,0.44475283546806244,0.4004851612692288
2.0839974880218506,1.788703441619873,1.9837383031845093,0.0035403966903686523,0.16088021298249564,0.16296130235193404,0.46814258826824423,0.4565835462790467,2.268570125102997,1.8819549679756165,1.412182241678238,0.01697590947151184,0.14709569327533245,0.1568239663259951,0.42393511869097034,0.3828872332572304
2.091439644495646,1.7805500427881877,1.9577594598134358,0.004713217417399089,0.1661051611105601,0.16620478854838416,0.44894751079833195,0.46017547776050843,2.3125261664390564,1.8825268149375916,1.3858260214328766,0.021678835153579712,0.14500359632074833,0.1550521082118583,0.4330457396043938,0.39385904159492025
2.076712210973104,1.7626595497131348,1.9722264607747395,0.004872043927510579,0.16696445643901825,0.16673697739697543,0.45968303352957135,0.4573506656731202,2.2820558547973633,1.8799380958080292,1.4098866879940033,0.01859217882156372,0.14663121104240417,0.15597567911643817,0.42292370818395375,0.3900425120827631
2.0885632038116455,1.781747539838155,2.0114359855651855,0.0059221188227335615,0.14731870094935098,0.14922071984055232,0.4920526818820623,0.49222280651722056,2.2500662803649902,1.879557192325592,1.4013732969760895,0.015588045120239258,0.1453393306583166,0.15430918440268496,0.4293418407026909,0.39643722459331954
2.0991556644439697,1.786894957224528,2.01472798983256,0.003806034723917643,0.17365429798762003,0.17037748236117828,0.43572889677139326,0.4314060281041716,2.251005709171295,1.8789625465869904,1.3666373789310455,0.01594051718711853,0.14510317146778107,0.15454533326081055,0.4223232734267178,0.3892971099751088
2.0625523726145425,1.7794793446858723,1.9889425039291382,0.002240141232808431,0.16133649150530496,0.16417808918150467,0.4555781216688472,0.45619572178095047,2.3089500665664673,1.8808318972587585,1.3525843620300293,0.02161461114883423,0.14542354084551334,0.15638980792473922,0.4084815892395207,0.3763385921421931
2.0679890314737954,1.7687434355417888,1.962482174237569,0.0034600098927815757,0.16669445236523947,0.15880501055930896,0.46139619520700476,0.45096932556738,2.289959669113159,1.8766463100910187,1.3500263094902039,0.020080536603927612,0.1460107322782278,0.1557592756082483,0.41168967680734025,0.3789889992113587
2.0748489697774253,1.7693638801574707,1.9548301696777344,0.004520018895467122,0.16276933749516806,0.15446281756258076,0.4735712273709681,0.45526707226698454,2.2989087104797363,1.8776488304138184,1.3573565483093262,0.020795881748199463,0.146472979336977,0.15455666030425194,0.42063547108363797,0.3846664308320617
2.0648988087972007,1.7820675373077393,1.9608625173568726,0.0025599400202433267,0.1593166639407476,0.16130024932692116,0.4807988308772144,0.48018562905992884,2.2480916380882263,1.8724153339862823,1.366633802652359,0.016093850135803223,0.14721075631678104,0.15628923008039783,0.41320482688030424,0.3744823240136687
2.0664220650990806,1.7617499828338623,1.9386956691741943,0.0058489640553792315,0.14954009155432382,0.15674427406155564,0.47851834309352936,0.4798748288235798,2.268943428993225,1.875414490699768,1.3702395260334015,0.01814049482345581,0.14451912604272366,0.15358346862226924,0.43028846281389427,0.39396245117538187
2.030248284339905,1.7467841307322185,1.9713892539342244,0.002790053685506185,0.15713370343049368,0.15616904481864882,0.49218711338709853,0.48571008724983356,2.2561193704605103,1.8691262304782867,1.3892509639263153,0.017349660396575928,0.14490142092108727,0.15355734521999287,0.4295114401627493,0.3915503391974721
2.0316744248072305,1.7604966163635254,1.9677064816157024,0.0030416250228881836,0.14252827564875284,0.15308864843127842,0.5109859263167625,0.5069751255901905,2.271749496459961,1.8703297078609467,1.3977033197879791,0.018696218729019165,0.14550724811851978,0.15258358019838505,0.4313438690267273,0.39272758120915474
2.069411039352417,1.7692774534225464,2.010040521621704,0.004162708918253581,0.15821252266565958,0.15259499909736152,0.4914945220991571,0.48464246053274307,2.2392187118530273,1.8692809045314789,1.3658717274665833,0.015628188848495483,0.14614364132285118,0.15286365591505302,0.422063659231338,0.3811968902305339
2.0481555461883545,1.7610353231430054,1.9914167722066243,0.0027609666188557944,0.16007774571577707,0.1574836960123269,0.4569413360032825,0.4520933283382606,2.2920191884040833,1.865942656993866,1.337819665670395,0.021747976541519165,0.14279325306415558,0.1493357105555173,0.4423609972126701,0.40395323560071006
2.0729199250539145,1.74949312210083,1.9887186288833618,0.008266210556030273,0.1417421797911326,0.14410608027309876,0.5398109776742072,0.5386913011740495,2.269608974456787,1.8707444667816162,1.319078415632248,0.018894702196121216,0.1449083536863327,0.15064494064642292,0.43129127448109916,0.3900475299847002
2.0296168327331543,1.7445942163467407,2.0049399932225547,0.0031528870264689126,0.15340433021386465,0.15393452001747313,0.4637321132061631,0.4570962154090404,2.275875300168991,1.865152359008789,1.3369344472885132,0.01985800266265869,0.14628901705145836,0.15281373072135127,0.4190698022977392,0.3826785596542869
2.04167373975118,1.760497768719991,1.9991308848063152,0.0021047592163085938,0.16027705371379852,0.15499963821751125,0.49021877190098795,0.4829802818715656,2.2632827162742615,1.8643227517604828,1.3723150491714478,0.018423110246658325,0.14703430980443954,0.15165293765601873,0.434098264856734,0.3976837468021871
2.0871447722117105,1.7577165762583415,2.020883798599243,0.008334199587504068,0.1454587330420812,0.14624739218052257,0.5217992207726789,0.5211437636990535,2.2570496201515198,1.8623890578746796,1.3597872257232666,0.018106460571289062,0.14651187136769295,0.15389802431168065,0.41788113163562135,0.37890823819054364
2.0554060141245523,1.7446199655532837,2.0043221712112427,0.005705515543619792,0.15379999577999115,0.1553443712235619,0.48024664635190334,0.471834075627315,2.260390520095825,1.8600713610649109,1.343307077884674,0.019024312496185303,0.14386183582246304,0.15062454800883326,0.43621882890076047,0.3996484778302611
2.0457836786905923,1.7518763144810994,1.9987724622090657,0.004063765207926433,0.15353419880072275,0.15320348129495961,0.47728052224887074,0.4632529881480181,2.2846388816833496,1.8621673882007599,1.3373052179813385,0.02133965492248535,0.14327660202980042,0.15085085295271958,0.4302570742922859,0.3886111916807051
2.0217657883961997,1.7516745328903198,1.9706662098566692,0.0016380548477172852,0.15525931616624197,0.15508669689944865,0.46137686703633607,0.4538455356813831,2.2633358240127563,1.8617682754993439,1.339481681585312,0.018996983766555786,0.1455734446644783,0.15218856091622243,0.4189778337945803,0.38109153412345975
2.040877183278402,1.756553292274475,1.9678340752919514,0.0035968621571858725,0.1501434544722239,0.14752567494914545,0.4957170158014854,0.4816396621403897,2.267165780067444,1.8580652475357056,1.3644283711910248,0.01958543062210083,0.1460040844976902,0.15109935984872197,0.42554766037207625,0.3929734768209901
2.020430246988932,1.7364486455917358,1.9802343050638835,0.003011782964070638,0.15500267843405405,0.1515504632699031,0.5013922777965636,0.49097605815563367,2.2468310594558716,1.8574237525463104,1.3960027396678925,0.01759698987007141,0.1445170771330595,0.15075950646253694,0.427370943903433,0.3957510017114183
2.06028421719869,1.7531643311182659,1.9903151988983154,0.004852294921875,0.15932381649812064,0.15794178266081083,0.462154097555199,0.45696382151142023,2.219905912876129,1.8545675873756409,1.4073422849178314,0.015262782573699951,0.14310652762651443,0.1483257601107926,0.4423270324417885,0.4132871806291955
1.9890016317367554,1.7252925237019856,1.9784297545750935,0.0024097363154093423,0.14081070323785147,0.1429826273846436,0.5219324655435837,0.5148483226336668,2.2099492847919464,1.8580636084079742,1.388052761554718,0.013679265975952148,0.14637449756264687,0.14930161989952132,0.43208885839197486,0.38719495898492334
2.0506538550059,1.734405517578125,1.9824295441309612,0.0065201520919799805,0.15225141247113547,0.14456607704449828,0.5043262345055723,0.5004663197092463,2.238157719373703,1.853798121213913,1.3771316409111023,0.017251551151275635,0.1438501477241516,0.14931155215470532,0.43167512689042165,0.3907195675893298
2.0689801772435508,1.7656211853027344,2.017301917076111,0.006521701812744141,0.1376028855641683,0.14618170229352645,0.5086032540703713,0.5046608544803348,2.2253536880016327,1.8542452156543732,1.3937511146068573,0.015858948230743408,0.14362441189587116,0.14946079188882533,0.4312123110381929,0.39107593354482684
2.025343736012777,1.7428014675776164,2.0407867431640625,0.0034079154332478843,0.1465942015250524,0.1403642451769229,0.5323201637361263,0.518869262742812,2.291643261909485,1.850818395614624,1.3525187373161316,0.023315608501434326,0.14120863005518913,0.14575560663014736,0.45588488283221357,0.4137976536916139
2.02666183312734,1.7310718695322673,1.9661213159561157,0.004635810852050781,0.15115761756896973,0.15299830958176658,0.47269109848587276,0.466715020983852,2.2588604390621185,1.852205216884613,1.3245362341403961,0.019606977701187134,0.145338986068964,0.149058223054742,0.43271008145070533,0.3949443435162831
2.0365613301595054,1.7434606949488323,1.9020063479741414,0.0050545136133829755,0.14770789941151938,0.1452434160540965,0.503652627281089,0.4852109953189287,2.235573709011078,1.8498022556304932,1.3146535456180573,0.01790270209312439,0.14190681464970112,0.14698907121463314,0.44627570964552266,0.41029195501240673
2.026857058207194,1.7398813962936401,1.8983249266942341,0.004761139551798503,0.14468605319658914,0.14820783299567744,0.4995434973927497,0.4889785634099889,2.215950518846512,1.8461638391017914,1.3319346904754639,0.016080379486083984,0.143190149217844,0.147663468176107,0.44007587131849213,0.40598209575554467
2.025330821673075,1.7328026294708252,1.9259122212727864,0.004955689112345378,0.14692347745100656,0.14374900173495422,0.5004058912106589,0.4904122061251701,2.259842723608017,1.848229706287384,1.362940639257431,0.019908130168914795,0.1453801579773426,0.1495381585861746,0.42865152539797857,0.3850711298650255
2.005456248919169,1.7525444428126018,1.9411330223083496,0.0020426114400227866,0.13553109765052795,0.143603137550089,0.5001285815177382,0.4912957872343762,2.232234001159668,1.8482289016246796,1.4202317893505096,0.01691192388534546,0.1447198987007141,0.1490055786710278,0.4304193555267796,0.390656590228316
2.0156052509943643,1.726422667503357,2.0022381941477456,0.003445585568745931,0.15478714307149252,0.15856777287688947,0.4525229740195849,0.44147104593825065,2.216881513595581,1.8464275002479553,1.424084335565567,0.015570193529129028,0.14432639069855213,0.14659817232915984,0.44747779324536957,0.4088310726228499
2.02503502368927,1.737059513727824,2.025656779607137,0.004230062166849772,0.14460361003875732,0.15064963572666798,0.49223839559475124,0.49187589582977537,2.218176007270813,1.8474067151546478,1.3682218194007874,0.015987902879714966,0.14327852055430412,0.14794342777127378,0.4354737361932494,0.3922621686794616
2.015392462412516,1.7234151363372803,1.9409511884053547,0.004698038101196289,0.14818431437015533,0.14542634062616766,0.5076399330433369,0.5059732747603525,2.2225060760974884,1.8433989584445953,1.3256148099899292,0.016925454139709473,0.14441807195544243,0.14725626262766262,0.4400967259238504,0.3952915845970266
1.9934299786885579,1.7186198234558105,1.9276721874872844,0.004507223765055339,0.13357968628406525,0.142412994583791,0.5038538697957016,0.5078741523075242,2.2524523437023163,1.841146469116211,1.3091662377119064,0.02011778950691223,0.14567555114626884,0.1480163323352721,0.43451013845930553,0.390649489797907
1.9744209051132202,1.7090426286061604,1.928941011428833,0.0032848517100016275,0.13624696930249533,0.1363239277886833,0.5380600181653649,0.5318707177498337,2.2665385603904724,1.8410968482494354,1.3076655566692352,0.021738409996032715,0.14376126043498516,0.1475842801645929,0.43638964365351246,0.40032662701844707
1.9958407878875732,1.7312805652618408,1.929467002550761,0.00209808349609375,0.14721100529034933,0.14362885435078465,0.5098663628785756,0.49586112056934617,2.2233887314796448,1.8395514488220215,1.3320070207118988,0.017277836799621582,0.1453224178403616,0.1488502941168282,0.4274428865894172,0.3887997979259585
2.017071008682251,1.740673343340556,1.959696610768636,0.0047566890716552734,0.13108377158641815,0.13576958361712613,0.5302594085185549,0.509241733233501,2.2551057934761047,1.8401032388210297,1.3467009365558624,0.020108699798583984,0.14758604764938354,0.14947609938383277,0.4236208229801245,0.38393285946948835
2.0082559982935586,1.7432735761006672,1.9570605357487996,0.0033088127772013345,0.13420666754245758,0.1360668022410225,0.5349755399783045,0.5240424269197557,2.2631770372390747,1.838206261396408,1.3419880867004395,0.021275073289871216,0.14618448168039322,0.1484777703455497,0.4281961608687268,0.39216431534163043
1.9803142944971721,1.714288592338562,1.9729055960973103,0.002025604248046875,0.14722569783528647,0.14852143976011195,0.47916379461381975,0.47916267982482913,2.2211281657218933,1.838904619216919,1.3444857597351074,0.017190933227539062,0.1439494788646698,0.1475239707353962,0.43542894025376044,0.3982433916202051
1.9893479744593303,1.712277889251709,1.9772751728693645,0.004965384801228841,0.1288007895151774,0.13498734409700608,0.527733643162019,0.5209600008863638,2.2495335936546326,1.837281584739685,1.3394182920455933,0.020093530416488647,0.14535048976540565,0.14769018024604574,0.4341631994610094,0.39380336016698825
1.9907965262730916,1.7229366302490234,1.9629455010096233,0.0016582806905110676,0.1532127410173416,0.15641628600013083,0.4641447637690145,0.45314874911570263,2.220211625099182,1.8344193398952484,1.3195130825042725,0.017526298761367798,0.14543001726269722,0.14843391348000493,0.4283404176142448,0.39354888227115103
2.0060831705729165,1.7321463028589885,1.9657433032989502,0.003916581471761067,0.1366796394189199,0.138055496426515,0.5043916810706296,0.49707974328533094,2.2850311398506165,1.8340322375297546,1.2995562553405762,0.02420485019683838,0.14518288522958755,0.14806339890717798,0.43101982487680124,0.39453557717771187
1.994418978691101,1.71420156955719,1.9801856676737468,0.00343779722849528,0.14700197676817575,0.13999143927750649,0.5086226210991082,0.49642389548281873,2.222324162721634,1.834401398897171,1.3014446645975113,0.017842352390289307,0.1453191228210926,0.1477797778263589,0.43344561033564066,0.39937994499226753
1.960154136021932,1.697049339612325,1.9329002300898235,0.0023254950841267905,0.14332113166650137,0.14691036600305385,0.4855614387967085,0.46930579509520803,2.2369824051856995,1.834083080291748,1.2964729517698288,0.01947343349456787,0.1443149819970131,0.14707745448508522,0.43796943175229275,0.4005178838832725
2.0228397448857627,1.7258458932240803,1.925561507542928,0.004759470621744792,0.15335905055205026,0.14283132916953395,0.49784443124260547,0.49017610124896593,2.2651880979537964,1.8338501155376434,1.3251106142997742,0.02215757966041565,0.14461464062333107,0.14760252607114613,0.43488142665872453,0.39610710416331274
1.9746842781702678,1.7092546621958415,1.9472885926564534,0.0027909278869628906,0.14029539128144583,0.14169568064753438,0.5165595765149738,0.5158472675472502,2.23813933134079,1.8360053300857544,1.357462853193283,0.019349098205566406,0.141737287864089,0.14585839164601302,0.44716849137304876,0.4104832628779294
1.9750043948491414,1.6982655922571819,1.943069338798523,0.004409948984781901,0.13570636014143625,0.13446409531218134,0.5467175552687119,0.5523084637009645,2.243787169456482,1.8307739794254303,1.333555668592453,0.02007126808166504,0.1466262824833393,0.1471590516043097,0.43698189212491345,0.39347633236259655
1.961864670117696,1.7051335573196411,1.9423716465632122,0.0026271740595499673,0.13347215950489044,0.13080613292936227,0.5479093269997068,0.5444290742744775,2.2463058829307556,1.8312658965587616,1.303797334432602,0.021025419235229492,0.14064716175198555,0.1443346571062627,0.4554452892301726,0.42135015994796016
1.9756115277608235,1.7062702178955078,1.9441594282786052,0.002222140630086263,0.15002301832040152,0.14579583489181822,0.49492002399792445,0.4888815854520123,2.2129586935043335,1.8278852999210358,1.2867004871368408,0.017967313528060913,0.14196358434855938,0.14424971640394765,0.45434508440393956,0.4146523942107877
2.002380847930908,1.7074710925420125,1.9052293300628662,0.005545655886332194,0.14446898798147836,0.14185606467178022,0.5073097687696762,0.4899159587812225,2.2533296942710876,1.830763816833496,1.2935500741004944,0.02131277322769165,0.14582637324929237,0.14720348810759112,0.4350153246687998,0.3956465579501509
1.970572829246521,1.7048871517181396,1.955375115076701,0.0033423900604248047,0.13466012477874756,0.13210502083535583,0.5432140446755358,0.541122000729015,2.2626829743385315,1.8262079358100891,1.3324796855449677,0.022291570901870728,0.148049958050251,0.1477288520553507,0.43159699817196123,0.39236885788809506
1.967172662417094,1.710239013036092,2.0047011772791543,0.0023438135782877603,0.133377676208814,0.13580519417614278,0.519375397998019,0.5151836387181341,2.2393933534622192,1.8266842365264893,1.3423193842172623,0.020397216081619263,0.14264081977307796,0.14412024119284364,0.45410824776410685,0.4085258419497975
1.9681935707728069,1.6919809182484944,2.0362969239552817,0.00322878360748291,0.14227138459682465,0.13867498589963906,0.5134074997571147,0.5114479641027686,2.228236675262451,1.8251533508300781,1.3245920836925507,0.019219160079956055,0.1456231214106083,0.1464776366223287,0.43912368410031855,0.40426763081572487
1.939357082049052,1.6891492207845051,2.011596997578939,0.0020677646001180014,0.12905374417702356,0.12929206275762814,0.5400487919614216,0.5407641857915669,2.223181188106537,1.8250368237495422,1.3023970872163773,0.01905164122581482,0.1434607394039631,0.14462687303816762,0.45053614297933253,0.40842849861893915
1.967443545659383,1.6908809741338093,1.9947269757588704,0.0033853848775227866,0.14314166208108267,0.13961430967546817,0.5149714377116279,0.5106020321832173,2.2376700043678284,1.8228195011615753,1.304292917251587,0.020543605089187622,0.14522699266672134,0.14655998464902428,0.43801234288273516,0.3967013968716965
1.9400287866592407,1.6892222960789998,1.9798339207967122,0.002341628074645996,0.12851564834515253,0.12849610135772127,0.5450000946775452,0.542172198112863,2.224417597055435,1.8231953382492065,1.3319568037986755,0.0188540518283844,0.14702662825584412,0.14566801935017656,0.44402402846693384,0.4064620434839601
1.9423387050628662,1.6909027894337971,1.9717410405476887,0.002586921056111654,0.12710897624492645,0.13429509811033355,0.5333234086493363,0.5321953832682229,2.2318626940250397,1.8217024207115173,1.3502421379089355,0.01987600326538086,0.1448819935321808,0.1439837871011068,0.45485316099615225,0.414363278341387
1.9506423473358154,1.690269907315572,1.9552239974339802,0.0030476649602254233,0.13228694101174673,0.128697715656526,0.5589869784336476,0.5446940741655633,2.205981105566025,1.8214771747589111,1.3532181680202484,0.017344743013381958,0.14426273852586746,0.14720815882422666,0.43466979663820543,0.3903667206819445
1.9602293173472087,1.701549808184306,1.9610280593236287,0.002739389737447103,0.13337122897307077,0.13781862552548127,0.5274997898713539,0.5342526517687456,2.2265297770500183,1.8189388811588287,1.3415915071964264,0.019396424293518066,0.14751687087118626,0.14736093478074305,0.43368748974355337,0.3913212497320737
1.9534722963968914,1.6936126947402954,1.9135586818059285,0.0037386814753214517,0.1269818221529325,0.1290028998829243,0.5511498129677694,0.5424076209535978,2.232636332511902,1.8188360333442688,1.2948336601257324,0.019979655742645264,0.1502610146999359,0.14863208363074532,0.4245706816882898,0.38914412913358554
1.9546271959940593,1.6861989498138428,1.956970492998759,0.004258553187052409,0.12820709745089212,0.13220719304432743,0.545102278075179,0.5350717763673519,2.232648402452469,1.8166892230510712,1.2744701355695724,0.020673364400863647,0.14653575792908669,0.14682992507232903,0.43653144796753024,0.39618815560476506
1.9403765598932903,1.6782629092534382,1.936580975850423,0.0031153361002604165,0.13428701957066855,0.13420144612026524,0.5208269296486505,0.5185581921875271,2.2159107327461243,1.8160885572433472,1.269753247499466,0.018873512744903564,0.14854302257299423,0.14840188390780523,0.4261802367205808,0.38310901403937264
1.9634967645009358,1.681351939837138,1.933326005935669,0.005551934242248535,0.1302367796500524,0.1276087222318502,0.5587028906800495,0.5517688904697062,2.212647944688797,1.8168931901454926,1.2996333837509155,0.0185757577419281,0.14594432897865772,0.1451525598777805,0.4467950097549529,0.40020339516697934
1.9587796529134114,1.6935677528381348,1.9693433443705242,0.004260460535685222,0.12435310582319896,0.12720773218864856,0.5607769004395,0.5520324555910546,2.1991468369960785,1.8159051835536957,1.3387218415737152,0.017185479402542114,0.14531003683805466,0.14686142604889144,0.43575903765073687,0.3985266377332745
1.9685983260472615,1.6855771938959758,1.9947505394617717,0.004864811897277832,0.13487868010997772,0.1294498746700598,0.5560879217579355,0.5412554883783623,2.2028468251228333,1.8163091838359833,1.3545235693454742,0.0174405574798584,0.1452779471874237,0.1463147312807233,0.4391681027514718,0.3949386201047004
1.959687868754069,1.6845659017562866,2.0017781257629395,0.0036644935607910156,0.1385713368654251,0.13420381672682283,0.5378848604738942,0.5313292065397419,2.2230396568775177,1.8172896206378937,1.3207496106624603,0.019702434539794922,0.14367333985865116,0.14500575812176197,0.4474743884842006,0.41212401055990167
1.9347728093465169,1.6806207100550334,2.008297085762024,0.002622842788696289,0.12763995180527368,0.1304185068848903,0.5451458257536619,0.5420592089563697,2.217153310775757,1.8118017613887787,1.297554850578308,0.019243597984313965,0.1489998772740364,0.1489678840949369,0.42247541399102473,0.38424191546697495
1.9494760433832805,1.6742756366729736,1.9524013598759968,0.00520626703898112,0.12577798465887705,0.13153996598428483,0.5380097336393371,0.5292276805912676,2.2274187207221985,1.8147529065608978,1.2920989394187927,0.020208925008773804,0.14698202162981033,0.14650790783697246,0.43826947502845515,0.4010196839937827
1.9349551995595295,1.6819087266921997,1.992140293121338,0.002240260442097982,0.13114885737498602,0.13541860839827824,0.5199402809088424,0.5120933360068227,2.2175857722759247,1.8117072582244873,1.3240617364645004,0.019009709358215332,0.15052882954478264,0.14785804079526466,0.42956893234286686,0.38668007152881895
1.9394840002059937,1.6827735900878906,1.9932443300882976,0.0035632054011027017,0.12159432470798492,0.12803509799232224,0.5559993167783601,0.5409306273985887,2.1947625875473022,1.8149252235889435,1.344163954257965,0.016605645418167114,0.14740310795605183,0.14727048830295558,0.43359307083098875,0.39550421783743883
1.9662346442540486,1.6851533651351929,1.963033397992452,0.005002379417419434,0.1331559345126152,0.128746164380318,0.5550146798843123,0.5536780990508549,2.225865662097931,1.8102350234985352,1.3406139016151428,0.020378589630126953,0.14583290368318558,0.14615798098147356,0.4407114836615743,0.4006225630981623
1.9577956994374592,1.6839509010314941,1.9844727118810017,0.004271149635314941,0.13212320705254874,0.12938580733067712,0.5430480800353532,0.526663156527973,2.1597763299942017,1.8115931153297424,1.3321889340877533,0.013731002807617188,0.14495030045509338,0.1455533689714875,0.44394221837136716,0.4043454734633073
1.9312517642974854,1.6745612621307373,2.0010501941045127,0.004024942715962728,0.11658977965513866,0.12401222327757876,0.5851231483783152,0.5701050522498226,2.2285453975200653,1.809749275445938,1.3048984557390213,0.020970821380615234,0.14489146508276463,0.14397169668566628,0.45398036930103336,0.410713764779305
1.9665984312693279,1.6871529420216878,1.9520124594370525,0.004710753758748372,0.13497295478979746,0.13700207248581506,0.5298951628070208,0.5363422712077777,2.238578110933304,1.8089804947376251,1.3018263280391693,0.021878868341445923,0.1468114946037531,0.14498304847785817,0.44753797758250546,0.41065032132858564
1.9664790630340576,1.6669859091440837,1.9086180925369263,0.006984829902648926,0.13456321010986963,0.1300894121881824,0.5531362868281717,0.5588129694314502,2.2040554583072662,1.804914951324463,1.2934684455394745,0.01896965503692627,0.14571901597082615,0.14501317348020673,0.4474284376744919,0.4023984864278255
1.9203595717748005,1.6585049231847127,1.934674342473348,0.00304261843363444,0.13484683136145273,0.13477465872913552,0.5313129701033315,0.5313424937551344,2.2027308344841003,1.808986485004425,1.2938261926174164,0.018404453992843628,0.14592869393527508,0.14421526737323395,0.4529012706391504,0.40801844451276187
1.920951286951701,1.6552575031916301,1.936320424079895,0.0035645167032877603,0.13341089089711508,0.13168906223030138,0.5399151322260485,0.5367425802819641,2.2050547301769257,1.8056142032146454,1.315231665968895,0.01879069209098816,0.14671146124601364,0.14505408958753344,0.44794720591005865,0.4118296954527514
1.9196909666061401,1.668583830197652,1.9636715253194172,0.0027123689651489258,0.12593547254800797,0.12912618346109403,0.5552540786445967,0.5585686219070746,2.2106295228004456,1.8048083782196045,1.3420976996421814,0.01912549138069153,0.14841765351593494,0.14580105238973454,0.442927260272581,0.40831472598012925
1.9473824103673298,1.6636887788772583,1.9963514804840088,0.005317131678263347,0.13097062706947327,0.1305710985191768,0.5415493990554232,0.5295752192503947,2.201655387878418,1.8043617904186249,1.3484625220298767,0.018361955881118774,0.14716899581253529,0.14606103215209426,0.44145412924119476,0.4021724357539728
1.9205231666564941,1.6680455605189006,1.9825775225957234,0.004099170366923015,0.11256199578444163,0.12009784836775497,0.582367562878642,0.5758131401723254,2.203672081232071,1.8039417266845703,1.3028556108474731,0.018778711557388306,0.14773941412568092,0.14655870224448805,0.4396194524377276,0.39851222621232424
1.9213320414225261,1.6648413340250652,1.944921652475993,0.003334641456604004,0.12606492886940637,0.12883097642144478,0.5360452595291669,0.5493779402745907,2.210567831993103,1.8027207553386688,1.265967845916748,0.01975688338279724,0.1479676365852356,0.1485244774980369,0.42774472353442605,0.3886353660112118
1.9543890158335369,1.6691348155339558,1.9228227535883586,0.005719184875488281,0.13220717509587607,0.1304594592303901,0.5404150608507847,0.5350438919294157,2.1997025310993195,1.8006784319877625,1.2780055403709412,0.01891079545021057,0.14696133881807327,0.147760858594282,0.43203566107717084,0.39500143171344815
1.9233901103337605,1.6658395926157634,1.936669150988261,0.004132588704427083,0.1195978472630183,0.12102531881062566,0.5790759343584715,0.5787965754113557,2.1842909455299377,1.8011155426502228,1.3335061073303223,0.017141252756118774,0.14594466984272003,0.14491857074336872,0.44870857260716457,0.41040188843206105
1.9504708051681519,1.6671340465545654,1.9722148180007935,0.005199035008748372,0.13299560546875,0.12966040029019144,0.5482072458903875,0.5144919840534847,2.1986628770828247,1.7981862723827362,1.3812120258808136,0.01820346713066101,0.15029145032167435,0.14792107580423727,0.4302503962100233,0.38277536322776584
1.9162370363871257,1.6660143931706746,2.000823974609375,0.002660950024922689,0.12370500961939494,0.12288659625367059,0.5779739230743545,0.5719058005563441,2.2076914608478546,1.7981747686862946,1.3601981699466705,0.019849538803100586,0.14400384202599525,0.1438841836763992,0.45482744453433366,0.4070969228305695
1.938881516456604,1.6598222255706787,1.9518545071283977,0.005561629931131999,0.1261282836397489,0.12364348982955285,0.5701343352783994,0.5628631455732114,2.1768198907375336,1.7977639138698578,1.328998476266861,0.016515076160430908,0.14828103221952915,0.14845204387001554,0.4283795427967671,0.387440184504264
1.8904131253560383,1.650715748469035,1.9105101823806763,0.002464850743611654,0.1196465715765953,0.12354486387253623,0.5710769789496005,0.5674661572091063,2.198808014392853,1.7985343933105469,1.2848303616046906,0.019075512886047363,0.14623079262673855,0.14786641603266945,0.43209474547262244,0.3827106135925219
1.921326756477356,1.6557634671529133,1.908785343170166,0.003942251205444336,0.13089864949385324,0.1295652280416435,0.546151111817706,0.5349537842311664,2.233285516500473,1.79729825258255,1.280511423945427,0.022848039865493774,0.14462370797991753,0.14324558053605124,0.45863669874185664,0.4124961059804487
1.9329615434010823,1.679462234179179,1.9148343801498413,0.003843545913696289,0.1195143386721611,0.11934722581528791,0.5991008646005641,0.5977272433892775,2.1839979588985443,1.798533171415329,1.305276095867157,0.01715773344039917,0.1494816429913044,0.1463010096095744,0.4404511505652947,0.39363127842643975
1.8821392059326172,1.6504450639088948,1.929911772410075,0.001936475435892741,0.1159306491414706,0.11884742804510501,0.5978574545110744,0.5962035428808812,2.2055385410785675,1.7965745031833649,1.3109082579612732,0.019665688276290894,0.14774508774280548,0.14501331176838697,0.4482707698155832,0.405594010199717
1.9118873278299968,1.6680399576822917,1.9591691493988037,0.0030972560246785483,0.11507115513086319,0.11776695053466693,0.5896312631560463,0.5682693912130289,2.2138620615005493,1.7948481142520905,1.2968418896198273,0.020595401525497437,0.1492476500570774,0.14527290664396153,0.44713537563709566,0.40203280009490217
1.9353458086649578,1.6721391280492146,1.9650252262751262,0.00440053145090739,0.12117014328638713,0.11871157106906055,0.5859487380703426,0.5830575587356648,2.269931435585022,1.7944886982440948,1.299024224281311,0.026211529970169067,0.1496866848319769,0.14660853674642643,0.439959977436996,0.4006667917524443
1.9070453246434529,1.6517309347788494,1.9541885455449421,0.004648685455322266,0.11135056366523106,0.11289376769539491,0.6185245791720894,0.6101176985846452,2.217080533504486,1.7927558422088623,1.2980498671531677,0.021294355392456055,0.1475432999432087,0.14601454740567854,0.4452452120093588,0.40070423476435757
1.8800222873687744,1.6435714960098267,1.9263186852137248,0.0015851656595865886,0.1243624488512675,0.1240613451859878,0.5654753236832716,0.5459706158326495,2.205802023410797,1.7928184568881989,1.2922273576259613,0.019807547330856323,0.15128716826438904,0.14805774612386746,0.4327433660362925,0.3898210613884671
1.9198749860127766,1.6533539692560832,1.9267059961954753,0.0042745669682820635,0.12765380491813025,0.12598093136224003,0.5581375436904705,0.5431483863307883,2.2312072813510895,1.7943556010723114,1.3013329803943634,0.022183358669281006,0.15106059238314629,0.14856251779694804,0.43090321579053614,0.39063149080182835
1.875684380531311,1.646130124727885,1.9302719036738079,0.002327720324198405,0.10987986872593562,0.11785478909793023,0.5886825987083131,0.5751870607227956,2.20643550157547,1.791551023721695,1.3333334624767303,0.01997697353363037,0.14944690093398094,0.14753422991081813,0.43430505556569665,0.3851674985158916
1.8960236708323162,1.6519391139348347,1.94269593556722,0.0030182202657063804,0.11691855887571971,0.12116167676563483,0.579546230270779,0.5791206587043443,2.1641069650650024,1.792933315038681,1.3454109728336334,0.01577579975128174,0.14693398214876652,0.14483787900201284,0.4495471686070371,0.3996709974714785
1.9136951367060344,1.6408456961313884,2.0031678279240928,0.0057831207911173505,0.11514903108278911,0.11866785755704073,0.5832429372343826,0.5702719554784119,2.186120480298996,1.7925722897052765,1.3163363188505173,0.01802116632461548,0.14842073060572147,0.14639668492046748,0.4401225231540663,0.4007772309290131
1.9174107313156128,1.6405376593271892,1.950300971666972,0.0046509504318237305,0.13308101147413254,0.12752218052190403,0.5528085509469065,0.5526445408372055,2.252062439918518,1.7892581522464752,1.27712182700634,0.025331109762191772,0.1469036303460598,0.1455788422839866,0.44597410973396784,0.4065405788910137
1.893363078435262,1.6394939025243123,1.927704135576884,0.0037403504053751626,0.12026744087537129,0.11760227129630388,0.5853611838820747,0.5818553298234601,2.1798729598522186,1.7892401218414307,1.2614042907953262,0.017748624086380005,0.1509638298302889,0.14647272105829923,0.44265100393046664,0.401804460340994
1.8820767402648926,1.6315552393595378,1.9117929935455322,0.0026073455810546875,0.12898871302604675,0.12156900999128105,0.57061195494217,0.5565979885461619,2.19652259349823,1.790007084608078,1.2524367272853851,0.0194929838180542,0.14993854612112045,0.14696434764606414,0.4409179815525057,0.3986533836745426
1.87889830271403,1.6302601496378581,1.95452880859375,0.003958503405253093,0.1115246166785558,0.11001649010117885,0.629449652340865,0.6281625022980398,2.2319772243499756,1.7886426150798798,1.2471843659877777,0.023320019245147705,0.14894128777086735,0.14615575631978356,0.4455617590088147,0.40557865048972214
1.8861669699350994,1.645270824432373,1.9261579513549805,0.002895951271057129,0.11577354123195012,0.11615215945023662,0.599863742203363,0.5861944436377775,2.2270671129226685,1.7879521250724792,1.2726297974586487,0.022693336009979248,0.14968470484018326,0.14830369712918362,0.4327074038823818,0.3930890784014716
1.8727525075276692,1.6351537704467773,1.965712030728658,0.0027582645416259766,0.11186836659908295,0.11388350541261885,0.6145902754825177,0.6042789759172579,2.202378988265991,1.7872823178768158,1.3011786043643951,0.020171403884887695,0.14933223836123943,0.1449593190972332,0.45125976922285316,0.40399996640627095
1.873874266942342,1.6556949615478516,1.94255793094635,0.0017840464909871419,0.10330011943976085,0.10849688549863014,0.6288747795122736,0.6245641122733843,2.239664673805237,1.7852458655834198,1.322469875216484,0.023955166339874268,0.1499413549900055,0.1469201585558045,0.44041704015691807,0.40290036403307833
1.8936710755030315,1.632935603459676,1.9309076070785522,0.004885633786519368,0.11557798584302266,0.11296437330440237,0.615568403157772,0.6042798658903702,2.280974417924881,1.7874467074871063,1.3147918283939362,0.02765369415283203,0.1526339277625084,0.1478467932025169,0.4355912534921207,0.3966219958694752
1.8960002660751343,1.6505001386006672,1.9417059818903606,0.0036625067392985025,0.11197290321191151,0.11331607575786348,0.5976072369584491,0.5893428732378337,2.224849224090576,1.7858110070228577,1.2936659157276154,0.022511333227157593,0.15036719664931297,0.14641317943139487,0.44428729360093544,0.4018283822168087
1.937125285466512,1.6510133743286133,1.8751410643259685,0.0073128143946329755,0.11959238598744075,0.11621566950917821,0.5889561417884208,0.5723551953905543,2.1810463666915894,1.7833151519298553,1.292834535241127,0.018021464347839355,0.15377596020698547,0.14702583522017706,0.44235958055334934,0.39122673127316965
1.8566876649856567,1.6368952989578247,1.8924777905146282,0.001917719841003418,0.1060871680577596,0.10865287791444755,0.6203205531833715,0.6087787922596483,2.248588800430298,1.7821305990219116,1.301795244216919,0.025187432765960693,0.15075354650616646,0.14631252870138042,0.4463610538381554,0.40495963519333616
1.871525526046753,1.6346217393875122,1.9050429662068684,0.002794623374938965,0.11384516457716624,0.11055073548490736,0.6148902238315401,0.6035485658346924,2.2030274868011475,1.7812336683273315,1.302035078406334,0.021100908517837524,0.14673809334635735,0.1449333085412891,0.4567048791193754,0.41589863874919225
1.8733125527699788,1.6329394976298015,1.8902417421340942,0.0034401416778564453,0.11163156479597092,0.11906212044388247,0.5837708203461236,0.5755142339691602,2.222058117389679,1.7805883884429932,1.2970777750015259,0.022398293018341064,0.15375275909900665,0.1480584169704037,0.44214941200726543,0.4040043836333291
1.875454584757487,1.6236170530319214,1.920495867729187,0.0036205053329467773,0.1197886938850085,0.1195075408896531,0.5827016803032922,0.5739999987822766,2.207376480102539,1.7814592719078064,1.3111932128667831,0.021082371473312378,0.15058790519833565,0.14650475141255262,0.4473571637295827,0.4093695181510355
1.8719643751780193,1.6196273565292358,1.951348066329956,0.004296541213989258,0.11201906204223633,0.10783831611059812,0.6296921018729911,0.6226921245303456,2.1752823889255524,1.7813520729541779,1.3484089970588684,0.017979294061660767,0.14761590212583542,0.1442057701138772,0.45644946970394373,0.4113769466795279
1.9061827262242634,1.6322572628657024,2.0125227769215903,0.005098899205525716,0.12256527940432231,0.11871086909052418,0.5950416223537779,0.5850241581063018,2.202691972255707,1.7809454798698425,1.348683014512062,0.02043011784553528,0.15103275328874588,0.1468712693833468,0.4403611183011678,0.39671145109248906
1.8912934462229412,1.6244574785232544,2.0272231101989746,0.004934430122375488,0.11637723694245021,0.11500628091482089,0.6049590131913418,0.5926258759217342,2.1992462277412415,1.7798892855644226,1.3512879014015198,0.020060598850250244,0.1521895918995142,0.14586068516347747,0.4458609448624537,0.3966856178226351
1.8757658799489338,1.626853346824646,2.045602560043335,0.0029485623041788736,0.11729425191879272,0.11719120283934317,0.5934397794944577,0.5897821123975563,2.192949563264847,1.7794542014598846,1.3645138442516327,0.019632399082183838,0.149927269667387,0.1477247210516135,0.43655491885746284,0.38517489078362394
1.8726377089818318,1.6238651672999065,2.0259787241617837,0.0028958717981974282,0.11865965276956558,0.11102134344808107,0.6155316872136753,0.5922598848761607,2.169733941555023,1.777574509382248,1.342171549797058,0.017466574907302856,0.15125837922096252,0.14709150512657673,0.4431874752961561,0.3973622299064728
1.8490680853525798,1.6220630407333374,2.0512435833613076,0.0017831722895304363,0.10670030613740285,0.11337795638736634,0.6059507533018527,0.5992534141968735,2.164747714996338,1.7749305963516235,1.3271056115627289,0.017427146434783936,0.15006179735064507,0.14663242476290042,0.44733988580885764,0.4081302932919359
