train_L,train_nll,train_kld,train_mmd,val_L,val_nll,val_kld,val_mmd
,,,,4.20370078086853,3.0749953985214233,0.1265641674399376,0.11280173063278198
3.558438698450724,3.0675084590911865,1.0436761379241943,0.044095118840535484,4.204828262329102,3.051689863204956,0.12476880848407745,0.11526632308959961
3.315889279047648,3.0469119548797607,1.583542029062907,0.019075393676757812,4.123220920562744,3.032760441303253,0.1245576199144125,0.1089681088924408
3.2750622431437173,3.030137221018473,1.678389032681783,0.016181468963623047,4.196664810180664,3.015483796596527,0.1254999190568924,0.1180810034275055
3.2246161301930747,3.012908140818278,1.8686561584472656,0.011886954307556152,4.109476327896118,2.999310314655304,0.12738801911473274,0.11093434691429138
3.1650474866231284,2.9969657262166343,2.0657275517781577,0.006512085596720378,4.058238208293915,2.9832162261009216,0.13016976788640022,0.10738828778266907
3.173728068669637,2.9804135163625083,2.139512618382772,0.008677283922831217,3.9024309515953064,2.96701443195343,0.1337042897939682,0.09333983063697815
3.139051914215088,2.963711420694987,2.1914440790812173,0.006609876950581868,3.9203824400901794,2.950234532356262,0.14027584716677666,0.0967974066734314
3.0986997286478677,2.9463194211324057,2.137945810953776,0.004571159680684407,3.828208267688751,2.9325610399246216,0.14867335185408592,0.08926770091056824
3.0977376302083335,2.928865114847819,2.099764108657837,0.006420532862345378,3.846725642681122,2.9141199588775635,0.16199417039752007,0.09291517734527588
3.0693391958872476,2.9096951484680176,2.0770851771036782,0.005607008934020996,3.7141391038894653,2.8953710794448853,0.1798492632806301,0.08138447999954224
3.04028328259786,2.8907145659128823,2.033896525700887,0.004811445871988933,3.698969781398773,2.8767162561416626,0.2103622816503048,0.08158144354820251
3.0116711457570395,2.873422543207804,1.9789920647939045,0.003949642181396484,3.6132184863090515,2.8586374521255493,0.25661347806453705,0.07454776763916016
2.984437624613444,2.8563156922658286,2.0107277631759644,0.0027724107106526694,3.5494518876075745,2.841586410999298,0.3143019676208496,0.06956285238265991
2.999640385309855,2.839515765508016,1.9683298667271931,0.006201823552449544,3.4621533155441284,2.8244032859802246,0.383645735681057,0.062167614698410034
2.9794856707255044,2.8225170771280923,1.9599931637446086,0.00592652956644694,3.358618378639221,2.806772470474243,0.4725697189569473,0.05308717489242554
2.966404676437378,2.807015339533488,1.958899696667989,0.006175319353739421,3.3062756657600403,2.7892943620681763,0.580181822180748,0.04904243350028992
2.9257705211639404,2.787388245264689,1.9413481950759888,0.004152258237202962,3.223971962928772,2.772350490093231,0.6964220106601715,0.041889488697052
2.916980425516764,2.772269090016683,1.980018417040507,0.004594008127848308,3.1797918677330017,2.7552685737609863,0.8128447532653809,0.038581013679504395
2.896017074584961,2.7540998458862305,2.009600122769674,0.004164536794026692,3.137154281139374,2.737219214439392,0.9083525687456131,0.03562989830970764
2.8864494959513345,2.7363858222961426,1.9694474538167317,0.005185047785441081,3.0593665838241577,2.7195261120796204,1.019526332616806,0.029031574726104736
2.859206438064575,2.7175935904184976,1.9505561192830403,0.004430651664733887,3.0004733204841614,2.702718138694763,1.1570252180099487,0.02411094307899475
2.826791842778524,2.701038360595703,1.967029293378194,0.0027539730072021484,2.952147662639618,2.6873804926872253,1.2972353994846344,0.020090997219085693
2.834486246109009,2.688085397084554,2.0205459197362265,0.004560152689615886,2.8999257683753967,2.67289662361145,1.3923639357089996,0.015820205211639404
2.8194568157196045,2.6764307816823325,1.9793673356374104,0.004427909851074219,2.9154990911483765,2.6595473885536194,1.389805018901825,0.01873984932899475
2.8064310550689697,2.660691420237223,1.935101866722107,0.0049230655034383135,2.9015068411827087,2.6471187472343445,1.3666629791259766,0.01869899034500122
2.7976978619893393,2.64790415763855,1.9374874830245972,0.0053185224533081055,2.8472312092781067,2.635324537754059,1.3797502517700195,0.014363735914230347
2.762855609258016,2.634472926457723,2.0003662109375,0.002850691477457682,2.833790898323059,2.6244837045669556,1.3921367526054382,0.014040231704711914
2.7673062483469644,2.627660353978475,1.9986426830291748,0.003991325696309407,2.8404385447502136,2.6134800910949707,1.4456586837768555,0.015545278787612915
2.774787982304891,2.616901159286499,2.00327201684316,0.0058013200759887695,2.8379812836647034,2.6030167937278748,1.5169750154018402,0.015991538763046265
2.7406376202901206,2.6065802574157715,1.9745207230250041,0.003550887107849121,2.849659502506256,2.5931188464164734,1.545745074748993,0.018015414476394653
2.7411720752716064,2.596747875213623,1.9793701966603596,0.004568417867024739,2.819904386997223,2.5827754735946655,1.5151901245117188,0.01621803641319275
2.717162768046061,2.5782134532928467,1.9967077573140461,0.0039310455322265625,2.790511190891266,2.572315752506256,1.4943934679031372,0.01441967487335205
2.714877208073934,2.5752786795298257,2.0251502990722656,0.0038533608118693032,2.7913376092910767,2.561397433280945,1.5088326334953308,0.015527486801147461
2.7016998132069907,2.5586767196655273,1.9919121265411377,0.004364569981892903,2.769956409931183,2.5497047305107117,1.532599776983261,0.014434337615966797
2.6992221673329673,2.5488712787628174,1.968638022740682,0.005217989285786946,2.7581483721733093,2.5379581451416016,1.5276704132556915,0.014452934265136719
2.667759418487549,2.5341850916544595,2.0275116761525473,0.003236055374145508,2.7495899200439453,2.526174783706665,1.5009488761425018,0.01491132378578186
2.7015841007232666,2.5226023197174072,2.0272630055745444,0.007800857226053874,2.7190168499946594,2.513083338737488,1.519463449716568,0.013061344623565674
2.649222215016683,2.516783873240153,1.9998726844787598,0.0032607714335123696,2.734493613243103,2.500116288661957,1.5981473326683044,0.015524625778198242
2.652429978052775,2.495771884918213,1.9070578416188557,0.006161332130432129,2.746293067932129,2.486693322658539,1.6139495968818665,0.017980128526687622
2.6499324639638266,2.4766945838928223,1.9404492775599163,0.0076598326365153,2.7125919461250305,2.4729544520378113,1.5472839772701263,0.016308873891830444
2.625961701075236,2.4591689109802246,1.984938383102417,0.00678853193918864,2.66508024930954,2.4593068957328796,1.5143541395664215,0.013070911169052124
2.5902229150136313,2.4531633853912354,2.0047367811203003,0.0037007729212443032,2.6455809473991394,2.442953407764435,1.5339234173297882,0.012656420469284058
2.566235144933065,2.4284379482269287,1.9548383553822835,0.004025657971700032,2.630650579929352,2.4274415969848633,1.5072221755981445,0.012849032878875732
2.543867905934652,2.4156288305918374,1.9707097212473552,0.002985278765360514,2.663244843482971,2.412842631340027,1.5039667785167694,0.017608433961868286
2.5549214680989585,2.410560448964437,1.9796549876530964,0.004560629526774089,2.6240749955177307,2.398480176925659,1.5170906782150269,0.015049278736114502
2.5106560389200845,2.380626360575358,1.9882200558980305,0.003077268600463867,2.6001791954040527,2.383296310901642,1.4984780848026276,0.01426723599433899
2.548434098561605,2.380500396092733,1.9874194860458374,0.006890734036763509,2.5775725841522217,2.3715909123420715,1.484259009361267,0.01324307918548584
2.4954993724823,2.351655880610148,2.034792423248291,0.0042315324147542315,2.561125099658966,2.3585668802261353,1.4835963249206543,0.01290234923362732
2.470369259516398,2.3400421142578125,2.0343070030212402,0.0028755664825439453,2.5690645575523376,2.3465893268585205,1.4837930798530579,0.014903068542480469
2.4665260314941406,2.3224547704060874,1.9769039154052734,0.004545331001281738,2.5479031205177307,2.33434796333313,1.5050607919692993,0.01389971375465393
2.4421661694844565,2.315755764643351,1.943726936976115,0.0029370784759521484,2.545049488544464,2.3237882256507874,1.5287493169307709,0.014555156230926514
2.468496243158976,2.300963799158732,1.9323749144872029,0.007127006848653157,2.5484023690223694,2.312470495700836,1.51776921749115,0.016084760427474976
2.4813693364461265,2.2968293825785318,1.9859953324000041,0.008566856384277344,2.5094905495643616,2.29918771982193,1.4907980859279633,0.013644516468048096
2.4294074376424155,2.2872584660847983,2.016535520553589,0.004152973492940267,2.523654520511627,2.289271116256714,1.461804449558258,0.01621037721633911
2.414470990498861,2.257973035176595,2.0029284159342446,0.005663474400838216,2.501590847969055,2.2791337966918945,1.470495343208313,0.014968067407608032
2.430633227030436,2.257366418838501,2.0170848766962686,0.007277647654215495,2.4949140548706055,2.2689414024353027,1.5268118679523468,0.015038400888442993
2.3867099285125732,2.249430497487386,2.045510450998942,0.0035179853439331055,2.493824303150177,2.2623483538627625,1.5805960297584534,0.015321224927902222
2.417615016301473,2.23354164759318,1.9812495708465576,0.008543809254964193,2.4997190833091736,2.2507169246673584,1.5628375709056854,0.017171889543533325
2.3690620263417563,2.2338832219441733,1.9893343051274617,0.003589153289794922,2.4650741815567017,2.243052124977112,1.5206822752952576,0.014672160148620605
2.338371435801188,2.2185750007629395,1.9637013673782349,0.0021719932556152344,2.4676111936569214,2.2323131561279297,1.4650801718235016,0.016285836696624756
2.3592560291290283,2.1930136680603027,1.952697475751241,0.006895224253336589,2.4729825258255005,2.225220024585724,1.4481103420257568,0.017623811960220337
2.332298914591471,2.1942385832468667,1.9337448676427205,0.00415809949239095,2.4321503043174744,2.2191678881645203,1.4832974970340729,0.013951510190963745
2.3262010415395102,2.193004926045736,1.9463940461476643,0.0036056836446126304,2.4317058324813843,2.210552215576172,1.4995048642158508,0.014691293239593506
2.3042057355244956,2.1794626712799072,1.998099644978841,0.0024962822596232095,2.4248704314231873,2.2040055990219116,1.4821644127368927,0.014749407768249512
2.323984940846761,2.1730539004007974,1.9390801588694255,0.005424817403157552,2.4234836101531982,2.1950926184654236,1.4754169881343842,0.015539705753326416
2.2849693298339844,2.164166529973348,1.9259783426920574,0.0024627049763997397,2.396344840526581,2.190793454647064,1.4865390062332153,0.013188391923904419
2.278315623601278,2.149932384490967,1.9657334486643474,0.0030247767766316733,2.3981997966766357,2.1843062043190002,1.4733396470546722,0.014093130826950073
2.2718631426493325,2.141108671824137,1.94362739721934,0.003374179204305013,2.379397392272949,2.176032304763794,1.457690954208374,0.013113617897033691
2.2757798035939536,2.1419668197631836,1.98453950881958,0.0034759839375813804,2.3769847750663757,2.1724355816841125,1.4420697391033173,0.013311117887496948
2.24705179532369,2.1256574789683023,1.9571720361709595,0.0023653904596964517,2.4531099796295166,2.1649789810180664,1.4352408349514008,0.021745622158050537
2.2915353775024414,2.129582087198893,1.9654199282328289,0.0064002275466918945,2.3820860385894775,2.1625487208366394,1.4670737087726593,0.014691829681396484
2.275792042414347,2.117235024770101,1.9573241472244263,0.006099581718444824,2.366716206073761,2.1541771292686462,1.494575560092926,0.013850271701812744
2.239326556523641,2.112373113632202,1.9838953018188477,0.0027898152669270835,2.334080994129181,2.1459792256355286,1.5186313390731812,0.011273384094238281
2.26788330078125,2.099667231241862,2.0067128340403237,0.00682214895884196,2.3322635889053345,2.1418010592460632,1.515044093132019,0.01152867078781128
2.2337895234425864,2.1048033237457275,1.9595605929692586,0.0031164089838663736,2.360481560230255,2.1358749866485596,1.5265519320964813,0.01490241289138794
2.2301040490468345,2.101753314336141,1.963075876235962,0.003034869829813639,2.346168100833893,2.1309897899627686,1.5259243845939636,0.013958007097244263
2.245497147242228,2.1072959899902344,1.9311996698379517,0.004185040791829427,2.35418701171875,2.1287675499916077,1.5191993713378906,0.015021055936813354
2.2056219577789307,2.082616090774536,1.9431135257085164,0.0025980075200398764,2.3461487889289856,2.122961312532425,1.500767707824707,0.014889359474182129
2.2029475371042886,2.080153226852417,2.00212824344635,0.0022801955540974936,2.3274508118629456,2.117695689201355,1.465539664030075,0.013716399669647217
2.197022279103597,2.065343141555786,1.9381543795267742,0.0034946203231811523,2.331068217754364,2.112868010997772,1.4488385319709778,0.014649063348770142
2.2133705615997314,2.067959467569987,1.9371734062830608,0.0048796335856119795,2.29893034696579,2.108421117067337,1.4715692102909088,0.011751830577850342
2.183241844177246,2.0515365600585938,1.912731409072876,0.003624995549519857,2.3340832591056824,2.1063395738601685,1.5094013810157776,0.015303879976272583
2.1946446895599365,2.0540873209635415,1.8707571029663086,0.0047255754470825195,2.327794075012207,2.100016862154007,1.5615249276161194,0.015045315027236938
2.2076226075490317,2.0547470251719155,1.9118112325668335,0.005757292111714681,2.302125096321106,2.095569998025894,1.5730275213718414,0.01285463571548462
2.1878952185312905,2.0471768379211426,1.9646930694580078,0.004269719123840332,2.313078463077545,2.091810315847397,1.5473419427871704,0.014462411403656006
2.18080472946167,2.043943246205648,1.967320164044698,0.0038688977559407554,2.3080195784568787,2.0873409509658813,1.5079610645771027,0.014601051807403564
2.1691633065541587,2.0491352876027427,1.967573602994283,0.0021758079528808594,2.285432279109955,2.0862498581409454,1.487966537475586,0.012541115283966064
2.169006109237671,2.0392377376556396,1.997198462486267,0.0030058622360229492,2.277808964252472,2.0796980261802673,1.4928144216537476,0.012409061193466187
2.1506985823313394,2.0257338682810464,1.991646647453308,0.002550999323527018,2.343839943408966,2.0759778022766113,1.5035750269889832,0.019365161657333374
2.171740929285685,2.037656784057617,1.9994436899820964,0.003428339958190918,2.270328938961029,2.074312448501587,1.5159389674663544,0.01208236813545227
2.1413233280181885,2.021779775619507,1.9603771766026814,0.0021632909774780273,2.296678304672241,2.068070709705353,1.5416485667228699,0.01522865891456604
2.139533837636312,2.018420139948527,1.9258317947387695,0.0024946928024291992,2.2823981046676636,2.0638082027435303,1.552315503358841,0.014168262481689453
2.163914759953817,2.007139523824056,1.876157522201538,0.006328384081522624,2.296561062335968,2.062124490737915,1.5329358279705048,0.01585826277732849
2.134005864461263,2.004531224568685,1.9555452664693196,0.0031856695810953775,2.27616286277771,2.0568801164627075,1.518911898136139,0.014405757188796997
2.1283376216888428,1.9866917928059895,1.9603420893351238,0.0043847958246866865,2.2467504739761353,2.0549520552158356,1.5062498450279236,0.011707127094268799
2.1250840028127036,1.9839093287785847,2.0363367398579917,0.003955562909444173,2.2746920585632324,2.052462249994278,1.5028883218765259,0.014782458543777466
2.125403722127279,1.998062292734782,2.0198846658070884,0.002647956212361654,2.2752268314361572,2.0494710505008698,1.5032166540622711,0.01513516902923584
2.1474645932515464,1.9928439458211262,1.9913739363352458,0.00553286075592041,2.2795732021331787,2.0472098886966705,1.5108293890953064,0.015760987997055054
2.136876106262207,1.9892137845357258,1.9542138576507568,0.005020260810852051,2.2567290663719177,2.0412703454494476,1.5102209150791168,0.014065086841583252
2.1291980743408203,1.9856781164805095,1.9198023478190105,0.004776875178019206,2.2673184275627136,2.0374962389469147,1.506723791360855,0.015526235103607178
2.123670975367228,1.9741494258244832,1.9564785559972127,0.005195736885070801,2.2598026990890503,2.0361090898513794,1.4852340817451477,0.015018284320831299
2.104475816090902,1.973740537961324,1.9421828985214233,0.0033795038859049478,2.264334738254547,2.030298262834549,1.4589629769325256,0.016189783811569214
2.125645716985067,1.9806091785430908,1.9410383303960164,0.004822572072347005,2.2457187175750732,2.0294233560562134,1.4834183156490326,0.014283865690231323
2.10125470161438,1.9635963837305705,1.9147454500198364,0.004213174184163411,2.234354078769684,2.026353180408478,1.5242190062999725,0.013245224952697754
2.093900998433431,1.9681135813395183,1.9154618978500366,0.003016511599222819,2.258219540119171,2.022953897714615,1.546339213848114,0.015874236822128296
2.087877114613851,1.950268069903056,1.9482757647832234,0.0040397246678670245,2.224392831325531,2.0188747942447662,1.5421043634414673,0.012905806303024292
2.0990522702534995,1.9653018712997437,1.9330912033716838,0.0037282307942708335,2.243426561355591,2.0171146392822266,1.5061496496200562,0.015176326036453247
2.088427782058716,1.9512227773666382,1.9534014463424683,0.00397336483001709,2.2180416584014893,2.013222485780716,1.475268542766571,0.01317143440246582
2.0612641175587973,1.9405088822046916,1.9852819442749023,0.0021599133809407554,2.2450770139694214,2.013787716627121,1.4648738205432892,0.015883982181549072
2.096294323603312,1.9543368021647136,1.9999983310699463,0.004216829935709636,2.223728060722351,2.0082020461559296,1.4491648375988007,0.014378666877746582
2.099113941192627,1.9543544451395671,2.0038443009058633,0.004479130109151204,2.2526206374168396,2.010070353746414,1.4474003612995148,0.01710355281829834
2.087313969930013,1.9430549144744873,1.9857998689015706,0.004519502321879069,2.2427040338516235,2.0037564039230347,1.49364373087883,0.01650908589363098
2.0465523401896157,1.9246920744578044,1.999545653661092,0.0021992921829223633,2.2157521843910217,2.0024028718471527,1.5336926877498627,0.013735145330429077
2.05742875734965,1.9351916313171387,1.9690488576889038,0.0023904244105021157,2.2251442074775696,2.001912534236908,1.54629784822464,0.014665007591247559
2.073094685872396,1.9333749612172444,1.952035943667094,0.004232962926228841,2.21544086933136,1.9955123364925385,1.5241561830043793,0.014444291591644287
2.0605334440867105,1.9252292315165203,1.9419939120610554,0.0038396517435709634,2.2053937315940857,1.997721642255783,1.4893939793109894,0.013387173414230347
2.060408671696981,1.923583745956421,1.9753485123316448,0.0038248697916666665,2.1988880336284637,1.9939815998077393,1.4820374548435211,0.013146191835403442
2.04783566792806,1.9125487804412842,1.9650055567423503,0.0037222703297932944,2.1963490545749664,1.9866359531879425,1.4754803776741028,0.013662219047546387
2.041109085083008,1.9154691696166992,1.9627660512924194,0.002763986587524414,2.2458218336105347,1.9864843487739563,1.476841151714325,0.01864275336265564
2.0484461784362793,1.9199819962183635,1.9219457308451335,0.0032529433568318686,2.2019306421279907,1.9837030172348022,1.4695412814617157,0.014547795057296753
2.0405805110931396,1.8972733815511067,1.939639965693156,0.004655798276265462,2.206314980983734,1.981771856546402,1.4458650350570679,0.015301495790481567
2.059910297393799,1.9165352582931519,1.9373267889022827,0.004674235979715983,2.204202026128769,1.98334401845932,1.4424780309200287,0.014948159456253052
2.050244410832723,1.9090412855148315,1.903434157371521,0.004626274108886719,2.2312187552452087,1.9814397990703583,1.4426805973052979,0.017853766679763794
2.0293455918629966,1.9066694180170696,1.920767068862915,0.002677162488301595,2.2232749462127686,1.9756907224655151,1.448796570301056,0.01760244369506836
2.0270872910817466,1.8877517779668171,1.928709904352824,0.004311561584472656,2.1960146129131317,1.9727954268455505,1.45036780834198,0.015145808458328247
2.0431710481643677,1.9079469442367554,1.940487543741862,0.0038391749064127603,2.18922758102417,1.9700151085853577,1.45612633228302,0.014714181423187256
2.0047687689463296,1.8741017977396648,1.971056302388509,0.0032275517781575522,2.2420719861984253,1.9709399938583374,1.4797764718532562,0.01981338858604431
2.0219509998957315,1.8880633115768433,1.9988524516423543,0.003411571184794108,2.1809454560279846,1.96589395403862,1.5062585473060608,0.014044076204299927
2.009340683619181,1.8867076635360718,2.0164557695388794,0.0021919806798299155,2.185601085424423,1.965362310409546,1.509793996810913,0.014547646045684814
2.009556849797567,1.884398102760315,2.0032368501027427,0.002512256304423014,2.2154491543769836,1.9610273838043213,1.489821970462799,0.01808348298072815
1.9998743534088135,1.8751651048660278,1.9903022448221843,0.0025320847829182944,2.2120001912117004,1.960290402173996,1.4642527401447296,0.01793941855430603
2.0112898349761963,1.874611735343933,1.9718687931696575,0.0038276116053263345,2.19304820895195,1.9572710692882538,1.4589914977550507,0.016364574432373047
2.022241195042928,1.8748910824457805,1.9411230484644573,0.005054672559102376,2.1838050186634064,1.9569557309150696,1.4777072668075562,0.015373259782791138
1.9901032447814941,1.86700705687205,1.9431498448053997,0.0026069084803263345,2.1795071363449097,1.9556815326213837,1.5043793320655823,0.014935344457626343
2.021168271700541,1.8747878869374592,1.9092501799265544,0.005117376645406087,2.172063648700714,1.9515379071235657,1.5035598278045654,0.014607816934585571
2.0191761255264282,1.881554365158081,1.91298512617747,0.004218339920043945,2.1768684089183807,1.949228048324585,1.4814710319042206,0.015433847904205322
1.9875791867574055,1.8690117200215657,1.9493078390757244,0.002120812733968099,2.173922061920166,1.9466549754142761,1.4565107822418213,0.015521764755249023
1.9867549737294514,1.8634128173192341,1.9668155113855998,0.002512693405151367,2.1553924083709717,1.944568157196045,1.4603702127933502,0.013849824666976929
2.004086971282959,1.8374394178390503,1.994266192118327,0.006727059682210286,2.16826269030571,1.9421342015266418,1.4744584262371063,0.015317142009735107
1.9709746837615967,1.8476402759552002,1.9775588115056355,0.0024579366048177085,2.2094858288764954,1.9426031708717346,1.5071220397949219,0.019248902797698975
2.0015742778778076,1.8586130539576213,1.9364689985911052,0.0046369632085164385,2.202189862728119,1.9417319297790527,1.5391350090503693,0.01844233274459839
1.9831328789393108,1.8377928733825684,1.954035480817159,0.004787762959798177,2.163176119327545,1.9384957551956177,1.5303646922111511,0.014890670776367188
1.9674633344014485,1.839464505513509,1.9612410465876262,0.003008723258972168,2.1691869497299194,1.9373916387557983,1.5111295878887177,0.015702396631240845
1.9789302349090576,1.8450997273127239,1.9842177629470825,0.0034793615341186523,2.1784167289733887,1.9361567795276642,1.4804498255252838,0.01690828800201416
1.9710516532262166,1.8441536823908489,2.0530455112457275,0.0024367570877075195,2.177646219730377,1.9320088922977448,1.4532893300056458,0.017384201288223267
2.0098429123560586,1.8525012334187825,2.0049209594726562,0.005738258361816406,2.184146285057068,1.9303845167160034,1.44241002202034,0.018255412578582764
1.966171145439148,1.821377158164978,2.0228700637817383,0.00438698132832845,2.156798243522644,1.927135705947876,1.4442641139030457,0.015824049711227417
1.9583499431610107,1.8410602410634358,1.986688216527303,0.0018045504887898762,2.1722711324691772,1.9259449541568756,1.4558465778827667,0.017440587282180786
1.970915675163269,1.8325478235880535,1.9639892578125,0.004037022590637207,2.2137345373630524,1.926308512687683,1.4864447116851807,0.021417468786239624
1.9672266244888306,1.8350398540496826,1.9892196655273438,0.003289024035135905,2.150963455438614,1.922664999961853,1.4940624237060547,0.015436708927154541
1.9786943594614665,1.8367027441660564,1.960458755493164,0.00441896915435791,2.149065375328064,1.921807885169983,1.463411271572113,0.01548612117767334
1.958349347114563,1.8240632613499959,1.9161428610483806,0.0038672288258870444,2.186075210571289,1.9196662604808807,1.4154466688632965,0.01966196298599243
1.9801487922668457,1.8154248396555583,1.9318194389343262,0.006847540537516276,2.1701984107494354,1.9195673167705536,1.3949058949947357,0.018179476261138916
1.9872148831685383,1.8216400941212971,1.946518858273824,0.006859183311462402,2.154689848423004,1.917927771806717,1.4293658435344696,0.01661244034767151
1.9568930466969807,1.8245815833409627,1.8573800325393677,0.003964066505432129,2.1288616061210632,1.917300671339035,1.4756262004375458,0.013847202062606812
1.9540748993555705,1.8273001909255981,1.9170695940653484,0.0031076669692993164,2.1332065165042877,1.9157450795173645,1.4955526888370514,0.014340072870254517
1.9506614208221436,1.812023401260376,1.916561524073283,0.004302501678466797,2.1242581605911255,1.9130922853946686,1.4918087124824524,0.01372617483139038
1.9617596864700317,1.8032460610071819,1.9403650363286336,0.0061804453531901045,2.1345231235027313,1.9134068191051483,1.4637860357761383,0.014867037534713745
1.9477043549219768,1.8135236501693726,1.89951753616333,0.003940184911092122,2.1454348862171173,1.9103111624717712,1.447027176618576,0.016359031200408936
1.942246715227763,1.8205062945683796,1.915543794631958,0.0026093721389770508,2.1310319006443024,1.9134512841701508,1.4358009696006775,0.0146523118019104
1.9320106506347656,1.8004554112752278,1.9551438490549724,0.003396789232889811,2.144428551197052,1.9069375693798065,1.4560056626796722,0.016551822423934937
1.9561718702316284,1.8244094053904216,1.9981385072072346,0.003201564153035482,2.1444970965385437,1.9037233591079712,1.4827758371829987,0.016747236251831055
1.944210131963094,1.8038675387700398,1.995103120803833,0.004079143206278483,2.1125238835811615,1.9034814834594727,1.4892107844352722,0.013525813817977905
1.9344435532887776,1.8033568064371746,2.030882994333903,0.0029691060384114585,2.143667548894882,1.8990746140480042,1.4874454140663147,0.017107605934143066
1.920009930928548,1.778471867243449,2.048396348953247,0.003931482632954915,2.1442181169986725,1.8989338874816895,1.4703541994094849,0.017262965440750122
1.9301300843556721,1.7910319169362385,1.986795703570048,0.003995815912882487,2.1318114399909973,1.8981448411941528,1.4664103388786316,0.016115188598632812
1.9480478366216023,1.8072746992111206,1.995465358098348,0.004120588302612305,2.1262251138687134,1.8960261642932892,1.4572766721248627,0.015812575817108154
1.9093551238377888,1.7854866981506348,1.9383341073989868,0.0027087132136027017,2.1971004009246826,1.8949273824691772,1.419643759727478,0.0232352614402771
1.9008444547653198,1.7770671049753826,1.9043376843134563,0.0028704007466634116,2.1125280261039734,1.894656479358673,1.4081495106220245,0.014820516109466553
1.9300274848937988,1.7839774290720622,1.8723649978637695,0.005269527435302734,2.135261446237564,1.892432689666748,1.4342737197875977,0.017197489738464355
1.9234347740809123,1.7835312287012737,1.9304702679316204,0.004359801610310872,2.133445680141449,1.891024798154831,1.464127093553543,0.017006486654281616
1.9170170227686565,1.7841851313908894,1.928849736849467,0.003657221794128418,2.1108607351779938,1.88863605260849,1.4651009142398834,0.014971822500228882
1.9285081227620442,1.780147949854533,1.9651984373728435,0.005035201708475749,2.1184666752815247,1.8879505693912506,1.4576478004455566,0.015842586755752563
1.899038036664327,1.7703965504964192,1.9674591223398845,0.0030420621236165366,2.1702617406845093,1.8865742683410645,1.4340492486953735,0.02130502462387085
1.918866515159607,1.7953906059265137,1.9699831008911133,0.002510229746500651,2.1073746979236603,1.8837787806987762,1.4299621284008026,0.01528620719909668
1.9269933303197224,1.773003101348877,2.020944515864054,0.005320906639099121,2.1245079040527344,1.8830319046974182,1.4447488486766815,0.01700890064239502
1.9123032093048096,1.7761887311935425,1.9306179682413738,0.003978252410888672,2.179454058408737,1.883025199174881,1.4832616746425629,0.022338271141052246
1.8967830340067546,1.7706048091252644,1.9710570176442463,0.0027764240900675454,2.1376207768917084,1.881347417831421,1.5079414546489716,0.01817852258682251
1.9166195392608643,1.7736111481984456,1.9648205439249675,0.0044992367426554365,2.094793826341629,1.8812348246574402,1.516726553440094,0.013841480016708374
1.8820754686991374,1.765655239423116,2.0114147663116455,0.0015929142634073894,2.117651879787445,1.8786186575889587,1.5165522992610931,0.01640257239341736
1.9066150188446045,1.762394905090332,1.987718105316162,0.00450595219930013,2.085122138261795,1.877872884273529,1.4972413778305054,0.013305246829986572
1.9001030524571736,1.7675791184107463,1.998604456583659,0.003275752067565918,2.0819697976112366,1.8757749795913696,1.4668361246585846,0.013352066278457642
1.9095489184061687,1.7710949977238972,1.9668104251225789,0.0040314992268880205,2.103369355201721,1.8757114708423615,1.420118361711502,0.015743911266326904
1.892589529355367,1.7529615958531697,1.9165366093317668,0.0044021209081013995,2.1257139146327972,1.8738448321819305,1.388606995344162,0.018335551023483276
1.9171958367029827,1.759192665417989,1.9187599420547485,0.006237705548604329,2.110403686761856,1.8713071048259735,1.3977718651294708,0.017005831003189087
1.9325637817382812,1.7572653690973918,1.9590294758478801,0.007773558298746745,2.1107449531555176,1.8704482913017273,1.4558025300502777,0.01683482527732849
1.909572680791219,1.758785088857015,1.9522176186243694,0.005344390869140625,2.112723708152771,1.8722164034843445,1.486248105764389,0.016703009605407715
1.8972229560216267,1.769288460413615,1.9250259399414062,0.003184239069620768,2.0965836346149445,1.8705154955387115,1.493392676115036,0.015215933322906494
1.9029041131337483,1.7676563262939453,1.9444868564605713,0.0038214524586995444,2.1435970962047577,1.8660773634910583,1.4712925851345062,0.020498007535934448
1.876598636309306,1.7555042107899983,1.9431657791137695,0.0024056434631347656,2.109690397977829,1.8646833002567291,1.4688723385334015,0.01724255084991455
1.8670518000920613,1.7458386023839314,1.9492661158243816,0.002386927604675293,2.1168258786201477,1.8622686862945557,1.4489701986312866,0.01830238103866577
1.8701276381810505,1.734334667523702,1.9603252808252971,0.003796656926472982,2.0773746371269226,1.8649413585662842,1.44766765832901,0.014075368642807007
1.8714476426442463,1.7358684539794922,1.9517949024836223,0.003818035125732422,2.1049742996692657,1.8664470613002777,1.4468591809272766,0.016701936721801758
1.865066409111023,1.7182202339172363,1.9775877396265666,0.004820783933003743,2.106350690126419,1.8644082248210907,1.45952969789505,0.016981512308120728
1.8766769170761108,1.743498166402181,1.9867205222447712,0.0034012794494628906,2.0923387706279755,1.861960232257843,1.488144963979721,0.015675514936447144
1.8801007270812988,1.7548203865687053,2.025571584701538,0.0024122397104899087,2.101511836051941,1.8602419793605804,1.5044575929641724,0.016688138246536255
1.8927948474884033,1.7443844477335613,1.958445946375529,0.0050741831461588545,2.0673162043094635,1.8603733479976654,1.499830961227417,0.01326143741607666
1.9127271175384521,1.747754414876302,1.9907471338907878,0.006576418876647949,2.0636989176273346,1.8573627173900604,1.5070794522762299,0.013164043426513672
1.8611550728480022,1.7438480456670125,2.0275774796803794,0.001600821812947591,2.068899095058441,1.8601947128772736,1.514108657836914,0.013366729021072388
1.8607608874638875,1.7296972672144573,1.996703028678894,0.0031385421752929688,2.0703608989715576,1.8547597527503967,1.508219689130783,0.014089465141296387
1.8752065499623616,1.7268438339233398,1.974652091662089,0.004987955093383789,2.0812164545059204,1.8534843921661377,1.4840774238109589,0.015429973602294922
1.8806591828664143,1.7210007905960083,1.928466518719991,0.00635528564453125,2.0701270699501038,1.8520641326904297,1.4812287986278534,0.014472514390945435
1.8635141849517822,1.748026728630066,1.9403489430745442,0.0018562873204549153,2.0685205161571503,1.8524828255176544,1.4828003644943237,0.014261066913604736
1.870497186978658,1.7139856020609539,1.9145413239796956,0.006108999252319336,2.087409347295761,1.8528028428554535,1.4595626890659332,0.016244053840637207
1.865805983543396,1.7329673369725545,1.954534649848938,0.0035288333892822266,2.1019468903541565,1.8479272723197937,1.4584774374961853,0.018200576305389404
1.8609230120976765,1.7260290384292603,1.9502609570821126,0.003756880760192871,2.0733317136764526,1.8470459282398224,1.4434210658073425,0.015488922595977783
1.867233673731486,1.7128258148829143,1.961220661799113,0.005662997563680013,2.0973803997039795,1.8455672562122345,1.4215255081653595,0.018164515495300293
1.8784306446711223,1.7177277406056721,1.9821886618932087,0.006190299987792969,2.083432376384735,1.8441004157066345,1.4234263896942139,0.016900569200515747
1.8577728271484375,1.7201520601908367,1.98055895169576,0.0038786729176839194,2.081985741853714,1.8428984582424164,1.4066488444805145,0.01696029305458069
1.844243327776591,1.716930349667867,1.9372363487879436,0.003060420354207357,2.0935823023319244,1.8428035080432892,1.413830429315567,0.018099218606948853
1.8409122625986736,1.7161099910736084,1.9260532061258953,0.002864281336466471,2.0786067247390747,1.8431971073150635,1.442793846130371,0.01640903949737549
1.8475218216578166,1.724008599917094,1.9006602764129639,0.0028623342514038086,2.0800907909870148,1.8411632776260376,1.4787178933620453,0.016582071781158447
1.8612089157104492,1.7086198329925537,1.9279839992523193,0.00564722220102946,2.057149827480316,1.841048389673233,1.4713563919067383,0.014324992895126343
1.850076715151469,1.7200721502304077,1.9188005924224854,0.0034235715866088867,2.085010528564453,1.8410641849040985,1.4577305316925049,0.017191946506500244
1.864490548769633,1.7168758312861125,1.8402953545252483,0.005587935447692871,2.0858785808086395,1.8371826708316803,1.4671299159526825,0.017622053623199463
1.827285607655843,1.698287804921468,1.8985626300175984,0.00342408816019694,2.1143591701984406,1.8374326825141907,1.4793817102909088,0.020397722721099854
1.8436574935913086,1.7073516845703125,1.8918373584747314,0.004192352294921875,2.081617385149002,1.8359247744083405,1.478847861289978,0.0172613263130188
1.8443393309911091,1.7025785843531291,1.9164760907491047,0.004616777102152507,2.0627532303333282,1.8371297121047974,1.466844379901886,0.015304654836654663
1.8406516710917156,1.6819289922714233,1.9629926681518555,0.006087740262349446,2.0672082006931305,1.8347114324569702,1.4559170305728912,0.016050338745117188
1.8508950471878052,1.7118728160858154,1.9849999745686848,0.003997206687927246,2.0591510832309723,1.8344747424125671,1.4518396854400635,0.015284866094589233
1.8395903905232747,1.716431736946106,1.9421686331431072,0.002618114153544108,2.0809629559516907,1.8331553041934967,1.45084810256958,0.01761460304260254
1.83362611134847,1.6930514971415203,1.9831836223602295,0.004162351290384929,2.1012531220912933,1.8311525583267212,1.441716194152832,0.019900977611541748
1.8239645560582478,1.7009479602177937,1.9946569601694744,0.002340078353881836,2.074498236179352,1.831448495388031,1.4415283203125,0.017183244228363037
1.8412180344263713,1.717233657836914,1.9701731999715169,0.0025603771209716797,2.0502837896347046,1.8279200792312622,1.4602915048599243,0.015009969472885132
1.8226845661799114,1.6981122891108196,1.9511466423670452,0.0027150710423787436,2.0469912588596344,1.8265568315982819,1.4675083458423615,0.014779806137084961
1.8078502416610718,1.690073291460673,1.9349675178527832,0.0021134217580159507,2.0758385956287384,1.8277152180671692,1.4643919169902802,0.01757827401161194
1.80877419312795,1.6886916557947795,1.9246351718902588,0.0023970603942871094,2.090914696455002,1.8277341425418854,1.47269669175148,0.01904982328414917
1.8079689741134644,1.6740092436472576,1.9369210402170818,0.003730018933614095,2.079884171485901,1.8248108327388763,1.461605817079544,0.01829075813293457
1.8061970074971516,1.6827986240386963,1.8941723505655925,0.0028833945592244468,2.04861256480217,1.8254509270191193,1.4517193138599396,0.01513323187828064
1.8403464158376057,1.6869670152664185,1.967552661895752,0.005527814229329427,2.0674505531787872,1.82867830991745,1.4300818741321564,0.016810864210128784
1.8271427949269612,1.6934186220169067,1.9314822753270466,0.003733674685160319,2.0712457299232483,1.8249167203903198,1.402782529592514,0.017707526683807373
1.8170242706934612,1.6964166164398193,1.9425161282221477,0.0023599863052368164,2.0849943459033966,1.821243017911911,1.3833612203598022,0.019556105136871338
1.8208879629770915,1.6927144130071003,1.9428716103235881,0.003118594487508138,2.069491446018219,1.8204147517681122,1.3851922750473022,0.018072068691253662
1.8157649834950764,1.6764927705128987,1.9671874443689983,0.004111846288045247,2.0513305962085724,1.8197273910045624,1.411436289548874,0.016184061765670776
1.8220656315485637,1.6865791877110798,1.9892319838205974,0.003620584805806478,2.0695236921310425,1.8200284540653229,1.4603537619113922,0.017736434936523438
1.8105992873509724,1.67548668384552,1.988051136334737,0.0035889546076456704,2.055653750896454,1.820103257894516,1.4829918444156647,0.016221195459365845
1.8070372343063354,1.6703568299611409,2.0042478243509927,0.0036651293436686196,2.055184841156006,1.8152767419815063,1.4925525188446045,0.016611099243164062
1.796706199645996,1.6705346902211506,1.9892115195592244,0.002684513727823893,2.0462253987789154,1.8200245201587677,1.5062601268291473,0.015164613723754883
1.8143927256266277,1.6776610612869263,1.966778834660848,0.0038585662841796875,2.0686994791030884,1.816439837217331,1.4870440661907196,0.017880141735076904
1.8120402892430623,1.6782431999842327,1.9536590178807576,0.0036295652389526367,2.036299169063568,1.813034862279892,1.4500317573547363,0.015152037143707275
1.807266116142273,1.6730650663375854,1.9771721760431926,0.0035519997278849282,2.0378097891807556,1.8176870048046112,1.4305185377597809,0.014934360980987549
1.8042998313903809,1.6830203930536907,1.9024891058603923,0.0026286443074544272,2.0325818359851837,1.8146975934505463,1.4210116863250732,0.014757156372070312
1.8020139535268147,1.6677391131718953,1.9468119939168294,0.0037119785944620767,2.041167914867401,1.8132079243659973,1.4233216643333435,0.01575818657875061
1.794404109319051,1.6732419331868489,1.9481655756632488,0.0023873249689737954,2.0959391593933105,1.8159174025058746,1.45802903175354,0.020816117525100708
1.7996166149775188,1.6614477237065632,1.953155279159546,0.004071474075317383,2.0716031193733215,1.8177934885025024,1.45291405916214,0.018207430839538574
1.8310848077138264,1.665452520052592,2.0166856050491333,0.006512363751729329,2.0708474218845367,1.8095299899578094,1.434289962053299,0.019055575132369995
1.7991390228271484,1.6665654182434082,2.017808477083842,0.003184239069620768,2.045646905899048,1.810136079788208,1.4179696142673492,0.016543954610824585
1.8499176104863484,1.6808645725250244,2.0028700033823648,0.0069255828857421875,2.0423437356948853,1.8077337443828583,1.4081685841083527,0.016502678394317627
1.7839009364446003,1.6589954296747844,2.0122711658477783,0.00244140625,2.076920300722122,1.8106317818164825,1.4046112596988678,0.019704312086105347
1.789676547050476,1.6533243258794148,2.0261905193328857,0.003521879514058431,2.0298552811145782,1.808732122182846,1.4132567346096039,0.015121638774871826
1.7980968157450359,1.656371275583903,2.0122449000676474,0.004131992657979329,2.051096498966217,1.8059614896774292,1.4350309669971466,0.017425477504730225
1.8288667599360149,1.6858730713526409,2.0109987258911133,0.004265705744425456,2.0353743731975555,1.80666384100914,1.4832091629505157,0.01553267240524292
1.8011428912480671,1.652893344561259,1.9985151290893555,0.004856665929158528,2.053809404373169,1.8082387447357178,1.4933646321296692,0.017176121473312378
1.8116960128148396,1.6731263796488445,2.009286959966024,0.0038296778996785483,2.04446280002594,1.8056269586086273,1.5194427371025085,0.016368210315704346
1.8070056438446045,1.6616731484731038,1.9938493172327678,0.004586935043334961,2.038297176361084,1.8024113178253174,1.5120464265346527,0.01610890030860901
1.788740634918213,1.6537972291310628,1.9877660671869914,0.0035733779271443686,2.062448173761368,1.8012300729751587,1.4808273613452911,0.018811732530593872
1.8030930360158284,1.6593507528305054,1.9686790307362874,0.004553596178690593,2.0419132709503174,1.8042108118534088,1.4581677913665771,0.016562223434448242
1.7762092749277751,1.6504606405893962,1.9438502788543701,0.0028699636459350586,2.0398082435131073,1.8014615178108215,1.4407752454280853,0.016714364290237427
1.7985790967941284,1.6508098443349202,1.9393674929936726,0.00510561466217041,2.036950945854187,1.7989656627178192,1.43758624792099,0.016694068908691406
1.7767467498779297,1.633164683977763,1.9788082043329875,0.004486600557963054,2.035773128271103,1.800982117652893,1.446658581495285,0.01632744073867798
1.7714554866154988,1.6417426268259685,1.982125997543335,0.0030760367711385093,1.9895131587982178,1.7975752353668213,1.4615654945373535,0.0119456946849823
1.776830514272054,1.6515281597773235,2.0166247685750327,0.002459406852722168,2.0155159533023834,1.7960875928401947,1.456394761800766,0.014734536409378052
1.78032652537028,1.6318326791127522,1.9741111199061077,0.0050038496653238935,2.042980432510376,1.7965711057186127,1.4266831278800964,0.017595499753952026
1.7921682596206665,1.6505683660507202,1.9540539979934692,0.004411776860555013,2.063746839761734,1.7951524257659912,1.4093647301197052,0.01991218328475952
1.797414501508077,1.6581289370854695,1.9803037643432617,0.004047274589538574,2.044023334980011,1.7953065931797028,1.376711905002594,0.018078505992889404
1.7735991875330608,1.6364528338114421,1.9488269488016765,0.003990451494852702,2.0754636228084564,1.793521672487259,1.3376401364803314,0.02161407470703125
1.7724148035049438,1.6462785005569458,1.9185815652211506,0.003035902976989746,2.0791597962379456,1.793394386768341,1.3266416192054749,0.02205359935760498
1.7757289012273152,1.6475233634312947,1.8928233782450359,0.003373305002848307,2.0569591522216797,1.7925637066364288,1.3497785329818726,0.01978960633277893
1.756689190864563,1.635848045349121,1.916473348935445,0.002514322598775228,2.0273379385471344,1.7916894555091858,1.3716645538806915,0.0167904794216156
1.7634611129760742,1.631555199623108,1.9470769961675007,0.003472566604614258,2.0749418139457703,1.7912873029708862,1.3917871713638306,0.021514087915420532
1.7660242319107056,1.6285590728123982,1.9629518191019695,0.003951509793599446,2.018095463514328,1.791127234697342,1.4262236952781677,0.015643924474716187
1.7919508616129558,1.6470954815546672,1.9804009199142456,0.004606564839680989,2.0206419229507446,1.7883049249649048,1.4433875679969788,0.01609724760055542
1.7666534980138142,1.6306283473968506,1.9856696128845215,0.003692626953125,2.0187663435935974,1.7876616716384888,1.427952378988266,0.01605096459388733
1.7737892468770344,1.6376488208770752,2.0008649031321206,0.0036278565724690757,2.0366351902484894,1.7935360968112946,1.4115814864635468,0.017338693141937256
1.7551392316818237,1.6288251082102458,2.0190838972727456,0.0025487343470255532,2.0728305280208588,1.7876148223876953,1.3828657269477844,0.021715819835662842
1.7326271931330364,1.61506187915802,1.929439385732015,0.002119938532511393,2.1040099561214447,1.7910145223140717,1.371010184288025,0.024567335844039917
1.7765567302703857,1.6539709568023682,1.926433006922404,0.002639611562093099,2.047172784805298,1.786826342344284,1.3845701217651367,0.01920783519744873
1.776455322901408,1.6402911742528279,1.959381143252055,0.003838698069254557,2.015891581773758,1.7859038412570953,1.399420291185379,0.016082078218460083
1.7626819213231404,1.6374303102493286,1.9453756014506023,0.002812345822652181,2.0278249084949493,1.7883924543857574,1.4236398339271545,0.01690959930419922
1.746292233467102,1.625221808751424,1.9599707921346028,0.002318779627482096,2.031192421913147,1.7846833169460297,1.437431663274765,0.017551511526107788
1.7564865350723267,1.6096307039260864,1.9436830282211304,0.004992127418518066,2.062061458826065,1.7840124070644379,1.4530841708183289,0.02064269781112671
1.7381860812505086,1.6190498272577922,1.932635227839152,0.0022617578506469727,2.0160097181797028,1.7877241373062134,1.4643673598766327,0.01558464765548706
1.7670157353083293,1.6378262440363567,1.9536375602086384,0.0031665960947672525,2.0306852757930756,1.7851486504077911,1.4659962356090546,0.017310231924057007
1.78678564230601,1.6305522918701172,1.9284212986628215,0.006011287371317546,2.0241118669509888,1.7832528352737427,1.4511443674564362,0.01691475510597229
1.7676764329274495,1.6344802379608154,1.9509546359380086,0.00358275572458903,2.029264658689499,1.7813382744789124,1.4427541494369507,0.01766720414161682
1.7560006777445476,1.6161821683247883,1.9706881046295166,0.004149158795674642,1.998190313577652,1.7823115289211273,1.4357537627220154,0.014481514692306519
1.7489659786224365,1.6266252199808757,2.007519563039144,0.002207517623901367,2.0158887803554535,1.7837665677070618,1.4213292598724365,0.016186505556106567
1.7466254234313965,1.6139077345530193,1.9979087511698406,0.0032987197240193686,2.0468830466270447,1.7784202694892883,1.404151976108551,0.01992514729499817
1.7435845136642456,1.6046715180079143,1.9541747570037842,0.00414113203684489,2.0335971415042877,1.7794151902198792,1.3935567736625671,0.018543124198913574
1.755684534708659,1.6192015012105305,1.9557956059773762,0.0038887659708658853,2.0079725086688995,1.780780553817749,1.4041102528572083,0.015777528285980225
1.7592575152715046,1.6019473870595295,2.000611941019694,0.005756735801696777,2.0432748198509216,1.7802377939224243,1.4194080233573914,0.019303172826766968
1.7657930453618367,1.6303513050079346,2.0300591786702475,0.003410935401916504,2.0151721835136414,1.7764948606491089,1.459272861480713,0.016654640436172485
1.742097536722819,1.6121673981348674,2.0809121131896973,0.002601464589436849,1.986202597618103,1.7768405973911285,1.452796071767807,0.01374092698097229
1.7706472078959148,1.6243696212768555,2.0258862574895224,0.004520932833353679,2.0460412204265594,1.780996859073639,1.4235633611679077,0.01948404312133789
1.7537393967310588,1.6141204039255779,2.018269697825114,0.0038899978001912436,2.008839398622513,1.7762776911258698,1.3934264481067657,0.01637089252471924
1.748151183128357,1.6223798592885335,1.9649189313252766,0.0027663707733154297,2.0302641093730927,1.773958832025528,1.3829796314239502,0.01880967617034912
1.7657261689503987,1.6166388193766277,1.9643616676330566,0.005112489064534505,1.996000051498413,1.7723836600780487,1.3940242230892181,0.015468865633010864
1.7197823921839397,1.5937429269154866,1.961283286412557,0.002811590830485026,2.0231980681419373,1.7723352313041687,1.3976308107376099,0.018189072608947754
1.7710055112838745,1.6141794919967651,1.9606045087178547,0.005909125010172526,2.007188469171524,1.7739156782627106,1.4409375190734863,0.016203612089157104
1.723762075106303,1.6000806093215942,1.974765658378601,0.002506852149963379,1.980400949716568,1.7726440727710724,1.4717390537261963,0.013484418392181396
